Name	Molecules	Value
GO_ACTIN_CYTOSKELETON	WIPF1 FHOD1 MYLK SAMD14 MPRIP OPHN1 SH3GL1 PRKCB AFAP1 CD2AP CLDN5 ADAM17 DAAM1 BIN2 VCL MACF1 TWF1 KALRN SLC9A3R1 ARHGAP21 CALD1 GAS2L1 SPTBN1 MARK2 VASP MYO5A PARVB SMTN HNRNPK FERMT3 ILK PPP1R9A ARHGAP6 AKAP13 CAPZB SH3PXD2A DBNL PAWR SPTB MTSS1 SHROOM4 CTTN MYH9 ARHGEF2 ALDOA DBN1 SRC NEXN ASAP1 EHBP1 LIMA1 ABLIM3 FLNA SVIL ZNF185 MYO9B PTPN12 CDC42BPB CDC42BPA ZYX	6.59070746706847E-8
GO_ACTIN_FILAMENT_BASED_PROCESS	WIPF1 FHOD1 TESK2 F11R FNBP1L SAMD14 MPRIP OPHN1 STMN1 PPFIA1 PRKCD CD2AP ACAP2 DAAM1 PKP2 TNIK TLN1 SHC1 EPB41 AGAP2 TWF1 SLC9A1 SLC9A3R1 EPB41L3 GAS2L1 SPTBN1 VASP MYO5A PARVB ARHGAP25 SMTN RGCC CASS4 ILK PPP1R9A ARHGAP6 AKAP13 CAPZB TMSB4X NCK1 ARHGEF10 DBNL PAWR ARAP1 SPTB SHROOM4 MTSS1 INF2 CTTN MYH9 ARHGEF2 ALDOA DOCK2 SHANK3 DBN1 ARF6 CAMK2D SRC ROCK2 ADD3 EHBP1 LIMA1 ABLIM3 FLNA PAK2 CLASP1 SVIL MYO9B CDC42BPB CDC42BPA TAOK1 ZYX	6.129295065765749E-5
GO_PODOSOME	SVIL DBNL SRC ASAP1 PTPN12 HNRNPK SH3PXD2A CTTN BIN2 ARHGEF2 VCL SH3GL1 FERMT3	2.9653761108399014E-4
GO_CYTOSKELETON_ORGANIZATION	WIPF1 TESK2 F11R SAMD14 MPRIP OPHN1 STMN1 PRKCD AFAP1 CD2AP DYNC1LI1 DAAM1 MAP1B MAP1A TLN1 MACF1 EPB41 AGAP2 TWF1 SLAIN2 EPB41L3 SPTBN1 VASP MYO5A PARVB SMTN ARHGAP6 ARHGAP4 AKAP13 TMSB4X DBNL PAWR MTSS1 INF2 CTTN KIF2A ARHGEF2 ALDOA DBN1 ARF6 HTT NEXN LIMA1 FLNA PAK2 SVIL NDE1 TAOK1 ZYX TACC1 FHOD1 SLK PPFIA1 CLIP2 PKP2 TNIK SHC1 SLC9A1 MTM1 SLC9A3R1 GAS2L1 MARK3 MARK2 MSN ARHGAP25 RGCC CASS4 TUBGCP3 ILK PPP1R9A BICD1 CAPZB NCK1 ARHGEF10 ARAP1 SPTB CKAP5 SHROOM4 MYH9 DOCK2 SHANK3 PLEC SRC ROCK2 VPS4B ADD3 EHBP1 ABLIM3 VPS54 CLASP1 NCKAP5L CDC42BPB CDC42BPA	5.302152813319662E-4
GO_SUPRAMOLECULAR_POLYMER	WIPF1 STMN1 CD2AP DYNC1LI1 CLIP2 STIM1 MAP1B MAP1A PKP2 VCL MACF1 TWF1 SLAIN2 MTM1 CALD1 GAS2L1 SPTBN1 MARK2 MYO5A PARVB SMTN SYNJ1 TUBGCP3 GSK3A ILK HSPB1 ARHGAP6 BICD1 ARHGAP4 AKAP13 CAPZB KIF13B CEP170 DNM1L DBNL PARP4 PAWR CKAP5 SHROOM4 DNM2 ADORA2A CTTN KIF2A MYH9 ARHGEF2 ALDOA DBN1 PLEC SRC NEXN EHBP1 FLNA CLASP1 ARFGEF2 SVIL NDE1 NCKAP5L MYO9B	4.4865460758784044E-4
GO_SUPRAMOLECULAR_FIBER_ORGANIZATION	APP WIPF1 FHOD1 F11R SAMD14 SLK MPRIP STMN1 PPFIA1 PRKCD CD2AP CLIP2 MAP1B MAP1A PKP2 TWF1 SLAIN2 MTM1 SLC9A1 RIPK1 GAS2L1 SPTBN1 VASP MYO5A ARHGAP25 RGCC CASS4 TUBGCP3 ILK PPP1R9A ARHGAP6 AKAP13 CAPZB TMSB4X NCK1 ARHGEF10 DBNL PAWR ARAP1 SPTB CKAP5 SHROOM4 CTTN KIF2A ARHGEF2 ALDOA SHANK3 DBN1 ARF6 SRC ROCK2 VPS4B ADD3 LIMA1 FLNA PAK2 CLASP1 SVIL NDE1 NCKAP5L TAOK1 ZYX	3.753014849049551E-4
GO_CYTOSKELETAL_PROTEIN_BINDING	WIPF1 MYLK SAMD14 MPRIP OPHN1 STMN1 AFAP1 DAAM1 MAP1B MAP1A TLN1 MACF1 EPB41 TWF1 EPB41L3 STXBP5 SPTBN1 VASP MYO5A PARVB SMTN TMSB4X KIF13B DBNL PAWR MTSS1 INF2 CTTN KIF2A ARHGEF2 ALDOA DBN1 RABGAP1 HTT NEXN CXCR4 LIMA1 FLNA SVIL NDE1 MYO9B TAOK1 FHOD1 CLIP2 STIM1 VCL SLC9A3R1 CALD1 GAS2L1 MARK3 MARK2 MSN TUBGCP3 GSK3A PPP1R9A BICD1 CAPZB DNM1L ARHGEF10 SPTB CKAP5 SHROOM4 DNM2 ADORA2A MYH9 SHANK3 PLEC CAMK2D ROCK2 ADD3 ABLIM3 CLASP1 SPAG9 ARFGEF2 ZNF185	0.00101298
GO_POLYMERIC_CYTOSKELETAL_FIBER	WIPF1 STMN1 CD2AP DYNC1LI1 CLIP2 STIM1 MAP1B MAP1A PKP2 MACF1 TWF1 SLAIN2 GAS2L1 MARK2 MYO5A SMTN SYNJ1 TUBGCP3 GSK3A ARHGAP6 BICD1 ARHGAP4 AKAP13 KIF13B CEP170 DNM1L PARP4 DBNL PAWR CKAP5 SHROOM4 DNM2 ADORA2A CTTN KIF2A ARHGEF2 DBN1 PLEC SRC EHBP1 FLNA CLASP1 SVIL ARFGEF2 NDE1 NCKAP5L MYO9B	0.001360621
GO_ACTIN_BINDING	WIPF1 FHOD1 MYLK SAMD14 MPRIP OPHN1 AFAP1 DAAM1 MAP1B MAP1A TLN1 VCL MACF1 EPB41 TWF1 CALD1 EPB41L3 GAS2L1 SPTBN1 VASP MYO5A MSN PARVB SMTN PPP1R9A CAPZB TMSB4X DBNL PAWR SPTB MTSS1 SHROOM4 INF2 CTTN MYH9 ALDOA SHANK3 DBN1 PLEC CXCR4 NEXN ADD3 LIMA1 ABLIM3 FLNA SVIL ZNF185 MYO9B	0.001564432
GO_SUPRAMOLECULAR_COMPLEX	WIPF1 ZC3H12C EIF4ENIF1 STMN1 CD2AP DYNC1LI1 CLIP2 STIM1 MAP1B MAP1A PKP2 VCL MACF1 TWF1 SLAIN2 MTM1 CALD1 PCBP1 G3BP1 GAS2L1 SPTBN1 MARK2 MYO5A PARVB SMTN HNRNPK SYNJ1 TUBGCP3 EIF4G1 GSK3A ILK HSPB1 ARHGAP6 BICD1 ARHGAP4 AKAP13 CAPZB KIF13B CEP170 DNM1L DBNL PARP4 PAWR CKAP5 SHROOM4 DNM2 ADORA2A CTTN KIF2A MYH9 ARHGEF2 ALDOA DBN1 PLEC SRC ROCK2 NEXN EHBP1 FLNA CLASP1 ARFGEF2 SVIL NDE1 NCKAP5L MYO9B	0.003253451
GO_REGULATION_OF_CELL_DEVELOPMENT	APP F11R EIF4ENIF1 UNC13D CLDN5 MAP1B TNIK IL6ST VCL MACF1 TWF1 KALRN RTN4 MARK2 RAP1GAP2 PDE3A CASS4 EIF4G1 DOCK5 GSK3A ILK PPP1R9A ARHGAP4 AKAP13 KIF13B DNM1L SCARF1 NCK1 FGA DBNL DNM2 CTTN NUMB RAPGEF2 ARHGEF2 SHANK3 DBN1 ARF6 ROCK2 CXCR4 ASAP1 FLNA PAK2 CAMK2G SPAG9 NAP1L1	0.003721814
GO_POSITIVE_REGULATION_OF_MULTICELLULAR_ORGANISMAL_PROCESS	APP SERPINE1 F11R MAP3K7 PRKCB F2R SCRIB ADAM17 STIM1 FRMD8 MAP1B MAPKAPK2 CD226 PRKCQ TBC1D23 IL6ST MACF1 TWF1 KALRN RTN4 MTM1 SLC9A1 TBXA2R TNFRSF14 MBP RIPK1 SPTBN1 MARK2 DAB2 MAVS RGCC PDE3A EIF4G1 DOCK5 GSK3A TGFB1I1 ILK HSPB1 PPP1R9A SPN TMSB4X DNM1L SCARF1 CLIC1 NCK1 FGA FCER1G DBNL SYK ITPKB ADORA2A CTTN NUMB RAPGEF2 ARHGEF2 SHANK3 DBN1 ARF6 CAMK2D SRC ROCK2 CXCR4 FLNA CLASP1 SPAG9 ARFGEF2 NAP1L1 MAPK14	0.015009338449982082
GO_REGULATION_OF_CELL_DIFFERENTIATION	APP SERPINE1 F11R KIAA1109 UBASH3B PRKCB UNC13D CLDN5 MAP1B PRKCQ MACF1 TWF1 KALRN NFATC2 NFATC1 PDE3A TGFB1I1 ARHGAP4 AKAP13 KIF13B CLIC1 DBNL SYK TFE3 ITPKB CTTN RAPGEF2 ARHGEF2 DBN1 ARF6 CXCR4 FLNA PAK2 EIF4ENIF1 MAP3K5 PKP2 TNIK IL6ST VCL STK4 RTN4 SAV1 RIPK1 MARK2 RAP1GAP2 ANKRD26 DAB2 RGCC CASS4 EIF4G1 DOCK5 GSK3A ILK PPP1R9A DNM1L SCARF1 NCK1 FGA DNM2 NUMB SHANK3 ROCK2 ASAP1 CAMK2G CLASP1 SPAG9 NAP1L1 MAPK14	0.024734388
GO_ACTIN_FILAMENT_ORGANIZATION	WIPF1 FHOD1 F11R SAMD14 MPRIP STMN1 PPFIA1 PRKCD CD2AP TWF1 SLC9A1 GAS2L1 SPTBN1 VASP MYO5A ARHGAP25 RGCC CASS4 PPP1R9A ARHGAP6 CAPZB TMSB4X NCK1 ARHGEF10 DBNL PAWR ARAP1 SPTB SHROOM4 CTTN ARHGEF2 ALDOA SHANK3 DBN1 ARF6 SRC ROCK2 ADD3 LIMA1 FLNA PAK2 CLASP1 SVIL ZYX	0.023923352
GO_CORTICAL_CYTOSKELETON	EPB41 PPP1R9A AKAP13 CALD1 FLNA SPTBN1 CLASP1 MPP1 DBNL PRKCB SPTB SHROOM4 CLDN5 CTTN MYH9 DBN1	0.025443748
GO_ANCHORING_JUNCTION	APP FHOD1 SLC4A2 F11R MPRIP PPFIA1 PRKCD AFAP1 SCRIB FRMD4B CD2AP CLDN5 ADAM17 PKP2 TLN1 VCL TWF1 SAV1 SLC9A1 EPB41L3 G3BP1 VASP MSN PARVB TJAP1 DAB2 HNRNPK CASS4 LAT FERMT3 TGFB1I1 ILK HSPB1 GIT1 NCK1 SHROOM4 DNM2 CTTN NUMB RAPGEF2 MYH9 LCP2 ARHGEF2 DBN1 ARF6 PLEC SRC NEXN ADD3 LIMA1 FLNA PAK2 CLASP1 SVIL ZNF185 PTPN12 CDC42BPB CDC42BPA PIKFYVE ZYX TJP2	0.037157580990910516
GO_PROTEIN_DEPOLYMERIZATION	VPS4B TWF1 ADD3 LIMA1 CAPZB STMN1 SPTBN1 CLASP1 SH3GL1 SVIL NCKAP5L SPTB CKAP5 SYNJ1 KIF2A MAP1B TAOK1 MAP1A ARHGEF2	0.040625518755270554
GO_REGULATION_OF_NEURON_DIFFERENTIATION	APP GSK3A ILK PPP1R9A ARHGAP4 EIF4ENIF1 KIF13B DNM1L SCARF1 NCK1 DBNL DNM2 CTTN MAP1B RAPGEF2 TNIK ARHGEF2 SHANK3 DBN1 ARF6 MACF1 TWF1 CXCR4 ASAP1 KALRN RTN4 PAK2 CAMK2G MARK2 SPAG9 RAP1GAP2 EIF4G1	0.042162365
GO_CYTOKINE_PRODUCTION	APP CD84 SERPINE1 HSPB1 F11R SPN TMSB4X MAP3K7 FCER1G SYK PRKCD F2R SCRIB CD2AP ADAM17 FRMD8 MAPKAPK2 LCP2 CD226 PRKCQ ARHGEF2 TBC1D23 IL6ST SRC ROCK2 UBE2J1 G3BP1 MBP TNFRSF14 RIPK1 SPTBN1 ARFGEF2 NFATC2 NFATC1 MAPK14 MAVS RGCC	0.040555183
GO_HOMOTYPIC_CELL_CELL_ADHESION	HSPB1 ILK PEAR1 F11R UBASH3B FLNA CLIC1 FGA SYK PRKCD PKP2 MYH9 PRKCQ TLN1 VCL FERMT3 TJP2	0.043658609
GO_POSITIVE_REGULATION_OF_CYTOKINE_PRODUCTION	APP SERPINE1 HSPB1 SPN MAP3K7 FCER1G SYK F2R SCRIB ADAM17 FRMD8 MAPKAPK2 PRKCQ CD226 ARHGEF2 TBC1D23 IL6ST SRC ROCK2 MBP TNFRSF14 RIPK1 SPTBN1 ARFGEF2 MAPK14 MAVS RGCC	0.041956239
GO_POSITIVE_REGULATION_OF_CELL_DIFFERENTIATION	SERPINE1 F11R MAP3K5 UNC13D CLDN5 MAP1B IL6ST MACF1 TWF1 STK4 KALRN SAV1 RIPK1 MARK2 NFATC2 DAB2 RGCC PDE3A CASS4 EIF4G1 DOCK5 TGFB1I1 ILK PPP1R9A DNM1L SCARF1 CLIC1 NCK1 FGA DBNL SYK TFE3 DNM2 ITPKB NUMB RAPGEF2 ARHGEF2 SHANK3 DBN1 CXCR4 FLNA SPAG9 NAP1L1 MAPK14	0.044096708552034486
GO_POSITIVE_REGULATION_OF_MOLECULAR_FUNCTION	APP F11R OPHN1 STMN1 PRKACB PRKCB PRKCD SCRIB GAPVD1 CLDN5 CCNY PRKCQ EPB41 AGAP2 KALRN STXBP5 WNK1 ARHGAP6 ARHGAP4 AKAP13 SH3PXD2A TMSB4X GIT1 MAP4K2 DBNL SYK RAPGEF2 ARHGEF2 ARHGEF6 RABGAP1 HTT CXCR4 PAK2 MYO9B TAOK1 TACC1 CRTC2 DOCK11 MAP3K7 MAP3K5 MAP2K4 F2R WRNIP1 TOM1L1 ADAM17 ACAP2 STIM1 MAPKAPK2 TNIK SHC1 RASGRP2 ARHGAP15 STK4 SAV1 SLC9A1 ARHGAP21 MBP RIPK1 MARK3 MARK2 RAP1GAP2 ARHGAP25 MAVS RGCC CASS4 TAB3 LAT EIF4G1 DOCK5 GSK3A ILK PPP1R9A DNM1L ARHGEF10 KSR1 ARAP1 DNM2 TBC1D1 DNAJC1 RABEP1 ALS2 RASA3 LCP2 DOCK2 SHANK3 RGS18 SRC ROCK2 ASAP1 SPAG9 RNF25 MAPK14 CCS	0.045770038
GO_REGULATION_OF_CELL_MORPHOGENESIS	DOCK5 ILK F11R PPP1R9A ARHGAP4 CAPZB KIF13B DNM1L FGA DBNL ARAP1 UNC13D DNM2 CTTN MAP1B RAPGEF2 MYH9 TNIK ALDOA SHANK3 DBN1 MACF1 SRC EPB41 CXCR4 ARHGAP15 KALRN RTN4 SLC9A3R1 EPB41L3 FLNA PAK2 MARK2 MSN PARVB CASS4	0.044402149808387664
GO_NEGATIVE_REGULATION_OF_SUPRAMOLECULAR_FIBER_ORGANIZATION	TWF1 F11R PPP1R9A ADD3 ARHGAP6 LIMA1 CAPZB TMSB4X STMN1 PPFIA1 PAK2 SPTBN1 CLASP1 SVIL PRKCD ARAP1 SPTB MAP1B TAOK1 ARHGEF2 SHANK3	0.048276224
GO_NEGATIVE_REGULATION_OF_CYTOSKELETON_ORGANIZATION	TWF1 F11R PPP1R9A ADD3 ARHGAP6 LIMA1 CAPZB TMSB4X STMN1 PPFIA1 PAK2 SPTBN1 CLASP1 SVIL PRKCD ARAP1 SPTB MAP1B TAOK1 ARHGEF2 SHANK3	0.046419446400280756
GO_REGULATION_OF_ANATOMICAL_STRUCTURE_MORPHOGENESIS	SERPINE1 F11R PRKCB UNC13D CLDN5 DAAM1 STIM1 MAP1B TNIK MACF1 EPB41 ARHGAP15 KALRN RTN4 SLC9A3R1 TBXA2R EPB41L3 MBP MARK2 MSN NFATC2 PARVB DAB2 RGCC WNK1 CASS4 DOCK5 ILK HSPB1 PPP1R9A ARHGAP4 AKAP13 CAPZB KIF13B DNM1L FGA DBNL ARAP1 DNM2 INF2 CTTN RAPGEF2 MYH9 ALDOA SHANK3 DBN1 SRC ROCK2 CXCR4 FLNA PAK2 CLASP1 HUWE1 MAPK14	0.052082339046738556
GO_POSITIVE_REGULATION_OF_CELL_DEVELOPMENT	DOCK5 ILK F11R PPP1R9A DNM1L SCARF1 NCK1 FGA DBNL UNC13D DNM2 CLDN5 MAP1B NUMB RAPGEF2 ARHGEF2 IL6ST SHANK3 DBN1 MACF1 TWF1 CXCR4 KALRN FLNA MARK2 SPAG9 NAP1L1 PDE3A CASS4 EIF4G1	0.05291274
GO_ACTIN_FILAMENT	WIPF1 SRC TWF1 ARHGAP6 EHBP1 AKAP13 FLNA GAS2L1 MARK2 DBNL MYO5A PAWR MYO9B SHROOM4 CD2AP SMTN CTTN DBN1	0.053219321818645866
GO_POSITIVE_REGULATION_OF_DEVELOPMENTAL_PROCESS	SERPINE1 F11R MAP3K5 PRKCB UNC13D CLDN5 STIM1 MAP1B IL6ST MACF1 TWF1 STK4 KALRN RTN4 SAV1 MTM1 TBXA2R RIPK1 MARK2 NFATC2 DAB2 RGCC PDE3A CASS4 EIF4G1 DOCK5 TGFB1I1 ILK HSPB1 PPP1R9A DNM1L SCARF1 CLIC1 NCK1 FGA DBNL SYK TFE3 PAWR DNM2 ITPKB NUMB RAPGEF2 ARHGEF2 SHANK3 DBN1 SRC CXCR4 FLNA CLASP1 SPAG9 NAP1L1 MAPK14	0.051456202
GO_REGULATION_OF_ACTIN_FILAMENT_BASED_PROCESS	FHOD1 ILK F11R PPP1R9A ARHGAP6 AKAP13 CAPZB TMSB4X STMN1 PPFIA1 NCK1 ARHGEF10 DBNL PRKCD ARAP1 SPTB CD2AP CTTN PKP2 MYH9 SHANK3 DBN1 ARF6 CAMK2D ROCK2 TWF1 ADD3 SLC9A1 LIMA1 FLNA PAK2 SPTBN1 CLASP1 VASP SVIL RGCC TAOK1	0.053158704093019774
GO_REGULATION_OF_NERVOUS_SYSTEM_DEVELOPMENT	APP GSK3A ILK PPP1R9A ARHGAP4 EIF4ENIF1 KIF13B DNM1L PRKACB SCARF1 NCK1 DBNL DNM2 CTTN MAP1B NUMB RAPGEF2 ARHGEF2 TNIK IL6ST SHANK3 DBN1 ARF6 MACF1 TWF1 CXCR4 ASAP1 KALRN RTN4 FLNA PAK2 CAMK2G MARK2 SPAG9 RAP1GAP2 NAP1L1 EIF4G1	0.051497495
GO_NEGATIVE_REGULATION_OF_ORGANELLE_ORGANIZATION	F11R PPP1R9A ARHGAP6 CAPZB TMSB4X STMN1 PPFIA1 DNM1L PRKCD ARAP1 SPTB DNM2 TOM1L1 DYNC1LI1 MAP1B ARHGEF2 SEC22B SHANK3 SRC TWF1 ADD3 MTM1 LIMA1 PAK2 SPTBN1 CLASP1 SVIL HUWE1 RGCC TAOK1	0.059520673
GO_POSITIVE_REGULATION_OF_CYTOKINE_PRODUCTION_INVOLVED_IN_IMMUNE_RESPONSE	MAVS FCER1G CD226 TNFRSF14 MAP3K7	0.070385743
GO_REGULATION_OF_PLASMA_MEMBRANE_ORGANIZATION	PRKCD MYH9 ASAP1 SYTL4 DNM2	0.068374722
GO_MICROTUBULE	GSK3A BICD1 ARHGAP4 STMN1 KIF13B CEP170 DNM1L PARP4 CKAP5 DNM2 DYNC1LI1 CLIP2 STIM1 KIF2A MAP1B MAP1A ARHGEF2 MACF1 SLAIN2 GAS2L1 CLASP1 SVIL ARFGEF2 NDE1 NCKAP5L MYO5A SYNJ1 TUBGCP3	0.067394352
GO_MICROTUBULE_END	SVIL CLIP2 NCKAP5L MYO5A SLAIN2 GAS2L1 CKAP5 CLASP1	0.071181479
GO_REGULATION_OF_SUPRAMOLECULAR_FIBER_ORGANIZATION	APP FHOD1 F11R STMN1 PPFIA1 PRKCD MAP1B MAP1A TWF1 SLAIN2 SLC9A1 SPTBN1 VASP RGCC PPP1R9A ARHGAP6 AKAP13 CAPZB TMSB4X NCK1 ARHGEF10 DBNL ARAP1 SPTB CKAP5 CTTN ARHGEF2 SHANK3 DBN1 ARF6 ROCK2 ADD3 LIMA1 FLNA PAK2 CLASP1 SVIL TAOK1	0.072448762
GO_CELLULAR_PROTEIN_COMPLEX_DISASSEMBLY	VPS4B TWF1 ADD3 LIMA1 CAPZB STMN1 SPTBN1 CLASP1 SH3GL1 SVIL NCKAP5L SPTB CKAP5 KIF2A SYNJ1 MAP1B TAOK1 MAP1A ARHGEF2	0.070669645
GO_REGULATION_OF_CELL_PROJECTION_ORGANIZATION	GSK3A ILK FNBP1L PPP1R9A ARHGAP4 DOCK11 CAPZB KIF13B DNM1L SCARF1 NCK1 DBNL PRKCD ARAP1 DNM2 CTTN MAP1B RAPGEF2 TNIK SHANK3 DBN1 ARF6 MACF1 SRC HTT TWF1 CXCR4 ASAP1 KALRN RTN4 PAK2 CAMK2G MARK2 RAP1GAP2	0.072803958
GO_REGULATION_OF_FILOPODIUM_ASSEMBLY	DOCK11 CAPZB PRKCD ARAP1 FNBP1L PPP1R9A ARF6	0.075132143
GO_MICROTUBULE_PLUS_END	CLIP2 NCKAP5L MYO5A SLAIN2 GAS2L1 CKAP5 CLASP1	0.073343283
GO_PODOSOME_ASSEMBLY	DBNL BIN2 SRC MSN ASAP1 ARHGEF2	0.074073679
GO_CELL_CELL_JUNCTION	APP FHOD1 ILK F11R NCK1 PRKCD SCRIB FRMD4B SHROOM4 CD2AP CLDN5 ADAM17 PKP2 RAPGEF2 MYH9 LCP2 ARHGEF2 TLN1 DBN1 VCL TWF1 NEXN ADD3 SAV1 SLC9A1 EPB41L3 FLNA PAK2 VASP CDC42BPB CDC42BPA TJAP1 PIKFYVE ZYX LAT TJP2	0.0727886
GO_PLATELET_AGGREGATION	HSPB1 ILK PEAR1 F11R UBASH3B FLNA CLIC1 FGA SYK PRKCD MYH9 PRKCQ TLN1 VCL FERMT3	0.071803545
GO_BIOLOGICAL_ADHESION	APP CD84 SERPINE1 TESK2 F11R SLK UBASH3B PPFIA1 PRKCD SCRIB UNC13D CD2AP CLDN5 ADAM17 PKP2 CD226 PRKCQ IL6ST TLN1 VCL MACF1 SHC1 STK4 SLC9A1 MBP TNFRSF14 MSN PARVB RGCC WNK1 CASS4 FERMT3 DOCK5 TGFB1I1 ILK HSPB1 PEAR1 ARHGAP6 SPN SCARF1 CLIC1 NCK1 FGA SYK TFE3 PAWR MTSS1 DNM2 ITPKB ADORA2A CTTN MYH9 ARF6 SRC ROCK2 NEXN CXCR4 FLNA PAK2 CLASP1 MAPK14 ZYX TJP2	0.0965711
GO_MICROTUBULE_DEPOLYMERIZATION	NCKAP5L CKAP5 KIF2A MAP1B TAOK1 STMN1 MAP1A ARHGEF2 CLASP1	0.099460075
GO_NEGATIVE_REGULATION_OF_ACTIN_FILAMENT_BUNDLE_ASSEMBLY	ARAP1 F11R PPP1R9A ARHGAP6 STMN1 PPFIA1 PAK2 SHANK3 CLASP1	0.09738799
GO_CELL_PROJECTION_ASSEMBLY	FNBP1L PPP1R9A MYLK DOCK11 CAPZB OPHN1 NCK1 DBNL PRKCD ARAP1 CKAP5 MTSS1 CD2AP DNM2 CTTN RAPGEF2 TNIK VCL ARF6 ARHGEF6 SRC HTT TWF1 ASAP1 SLC9A3R1 ABLIM3 FLNA CLASP1 NDE1 PARVB	0.09932133
GO_MICROTUBULE_CYTOSKELETON	APP FRY STMN1 PRKACB DYNC1LI1 CLIP2 DAAM1 STIM1 MAP1B MAPKAPK2 MAP1A PRKCQ MACF1 TSG101 EPB41 SLAIN2 GAS2L1 RAP1GAP2 ANKRD26 MYO5A SMTN RGCC SYNJ1 TUBGCP3 CDK16 GSK3A HSPB1 BICD1 ARHGAP4 KIF13B CEP170 DNM1L ARHGEF10 PARP4 EXOC7 CKAP5 DNM2 CTTN KIF2A ALS2 MYH9 ARHGEF2 RABGAP1 ROCK2 VPS4B HTT EHBP1 CLASP1 SPAG9 MPP1 ARFGEF2 SVIL NDE1 NCKAP5L MAPK14 TAOK1 TACC1	0.098356849
GO_CELL_LEADING_EDGE	APP WIPF1 MYLK SLK SCRIB FRMD4B CD2AP ACAP2 ADAM17 TLN1 MACF1 TWF1 RASGRP2 MTM1 SLC9A1 SLC9A3R1 EPB41L3 SPTBN1 VASP MYO5A PARVB ILK PPP1R9A DBNL KSR1 MTSS1 DNM2 ADORA2A CTTN ALS2 MYH9 ARHGEF2 DBN1 ARF6 ARHGEF6 SRC CXCR4 LIMA1 ABLIM3 CDC42BPB CDC42BPA	0.09938358
GO_REGULATION_OF_CYTOSKELETON_ORGANIZATION	FHOD1 F11R STMN1 PPFIA1 PRKCD AFAP1 CD2AP MAP1B MAP1A TWF1 SLAIN2 SLC9A1 GAS2L1 SPTBN1 MARK2 VASP RGCC ILK PPP1R9A ARHGAP6 BICD1 AKAP13 CAPZB TMSB4X NCK1 ARHGEF10 DBNL ARAP1 SPTB CKAP5 CTTN ARHGEF2 SHANK3 DBN1 ARF6 ROCK2 VPS4B NEXN ADD3 LIMA1 FLNA PAK2 CLASP1 SVIL TAOK1	0.10125792271884998
GO_CORTICAL_ACTIN_CYTOSKELETON	DBNL PRKCB PPP1R9A SPTB SHROOM4 AKAP13 CLDN5 CTTN CALD1 MYH9 DBN1 SPTBN1	0.10854149077360863
GO_CELL_ADHESION_MOLECULE_BINDING	F11R FNBP1L GOLGA3 SLK MPRIP SH3GL1 SCRIB GAPVD1 CD2AP ADAM17 PKP2 CD226 TLN1 VCL MACF1 TWF1 RTN4 CALD1 PCBP1 SPTBN1 MARK2 VASP MSN HNRNPK DHX29 FERMT3 ILK CAPZB CLIC1 NCK1 FGA DBNL SYK CKAP5 CTTN NUMB MYH9 ALDOA DBN1 PLEC SRC NEXN ASAP1 LIMA1 FLNA PAK2 CCS TJP2	0.10718988727303104
GO_REGULATION_OF_CELLULAR_COMPONENT_BIOGENESIS	APP FHOD1 F11R FNBP1L DOCK11 SLK STMN1 PPFIA1 PRKCD CLDN5 MAP1B VCL MACF1 TSG101 TWF1 SLAIN2 SLC9A1 MTM1 G3BP1 SPTBN1 VASP MSN RGCC EIF4G1 PPP1R9A ARHGAP6 AKAP13 CAPZB TMSB4X NCK1 ARHGEF10 DBNL SYK ARAP1 SPTB CKAP5 DNM2 CTTN RAPGEF2 ARHGEF2 SEC22B SHANK3 DBN1 ARF6 SRC ROCK2 VPS4B HTT ASAP1 ADD3 FLNA PAK2 CLASP1 SVIL PIKFYVE	0.10826164422187007
GO_CADHERIN_BINDING	F11R FNBP1L GOLGA3 SLK MPRIP SH3GL1 SCRIB GAPVD1 CD2AP PKP2 TLN1 VCL MACF1 TWF1 RTN4 CALD1 PCBP1 SPTBN1 MARK2 VASP HNRNPK DHX29 CAPZB CLIC1 NCK1 DBNL CKAP5 CTTN NUMB MYH9 ALDOA DBN1 PLEC SRC ASAP1 LIMA1 FLNA PAK2 CCS TJP2	0.12034145346639868
GO_REGULATION_OF_CELL_MORPHOGENESIS_INVOLVED_IN_DIFFERENTIATION	DOCK5 ILK PPP1R9A ARHGAP4 KIF13B DNM1L FGA DBNL UNC13D DNM2 CTTN MAP1B RAPGEF2 TNIK SHANK3 DBN1 MACF1 KALRN RTN4 FLNA PAK2 MARK2 CASS4	0.12522377926010522
GO_ACTIN_FILAMENT_BINDING	FHOD1 PPP1R9A SAMD14 MPRIP CAPZB DBNL SPTB SHROOM4 CTTN MYH9 TLN1 DBN1 MACF1 TWF1 NEXN ADD3 LIMA1 ABLIM3 FLNA GAS2L1 SVIL ZNF185 MYO5A	0.12306474858320686
GO_RUFFLE	WIPF1 DBNL KSR1 FRMD4B MTSS1 CD2AP DNM2 ACAP2 ADAM17 CTTN ALS2 MYH9 ARHGEF2 TLN1 ARF6 MACF1 SRC TWF1 RASGRP2 MTM1 SLC9A3R1 LIMA1 MYO5A	0.12097890538688133
GO_CELL_MORPHOGENESIS	APP F11R FRY OPHN1 STMN1 SCRIB UNC13D MAP1B MAP1A PRKCQ TNIK VCL MACF1 SHC1 EPB41 ARHGAP15 STK4 KALRN RTN4 SLC9A3R1 EPB41L3 SPTBN1 MARK2 VASP MSN NBEAL2 PARVB CASS4 FERMT3 DOCK5 ILK PPP1R9A ARHGAP4 CAPZB KIF13B DNM1L FGA DBNL ARAP1 SPTB DNM2 ADORA2A CTTN ALS2 NUMB RAPGEF2 MYH9 ARHGEF2 ALDOA SHANK3 DBN1 SRC NEXN CXCR4 FLNA PAK2 MAPK14 TAOK1	0.12026130018200187
GO_REGULATION_OF_NEURON_PROJECTION_DEVELOPMENT	GSK3A ILK PPP1R9A ARHGAP4 KIF13B DNM1L SCARF1 NCK1 DBNL DNM2 CTTN MAP1B RAPGEF2 TNIK SHANK3 DBN1 ARF6 MACF1 TWF1 CXCR4 ASAP1 KALRN RTN4 PAK2 CAMK2G MARK2 RAP1GAP2	0.12404332875261706
GO_CELL_PROJECTION_ORGANIZATION	APP FNBP1L MYLK SAMD14 OPHN1 STMN1 PRKCD SCRIB CD2AP MAP1B MAP1A PRKCQ MACF1 TWF1 KALRN EPB41L3 SPTBN1 VASP PARVB CDK16 ARHGAP4 KIF13B DBNL MTSS1 CTTN RAPGEF2 DBN1 ARHGEF6 ARF6 NEXN HTT CXCR4 LIMA1 FLNA PAK2 NDE1 TAOK1 FRY DOCK11 TBC1D23 TNIK VCL SHC1 RTN4 SLC9A3R1 MARK2 RAP1GAP2 GSK3A ILK PPP1R9A CAPZB DNM1L SCARF1 NCK1 ARAP1 SPTB CKAP5 DNM2 ADORA2A ALS2 NUMB MYH9 SHANK3 SRC ASAP1 ABLIM3 CAMK2G CLASP1	0.12421015516353216
GO_STRUCTURAL_CONSTITUENT_OF_CYTOSKELETON	EPB41 MSN ADD3 BICD1 SPTB CD2AP EPB41L3 TUBGCP3 TLN1 SPTBN1 PLEC	0.1301101317168346
GO_PROTEIN_SERINE_THREONINE_KINASE_ACTIVITY	ARAF TESK2 MYLK SLK PRKACB MAP3K7 MAP3K5 MAP2K4 PRKCB PRKCD MAPKAPK2 PRKCQ TNIK STK4 KALRN RIPK1 MARK3 MARK2 CDK17 PHKB WNK1 CDK16 GSK3A ILK AKAP13 MAP4K2 KSR1 SYK OXSR1 BMP2K CAMK2D ROCK2 PAK2 CAMK2G CDC42BPB CDC42BPA MAPK14 BCKDK TAOK1	0.139485647
GO_PLASMA_MEMBRANE_ORGANIZATION	PRKCD CXCR4 ASAP1 FNBP1L SYTL4 MTSS1 DNM2 SLC9A3R1 BIN2 EPB41L3 MYH9 SPTBN1	0.14546753040310204
GO_REGULATION_OF_TRANSPORT	APP SERPINE1 MYLK CNST OPHN1 UBASH3B NUP214 PRKCB PRKCD SCRIB GAPVD1 SYTL4 UNC13D CD2AP MAP1B EPB41 KALRN ARPP19 UBE2J1 STXBP5 MYO5A HNRNPK WNK1 CDK16 STON2 TMSB4X ENSA CLIC1 GIT1 GRIPAP1 FCER1G SYK ARF6 HTT CXCR4 FLNA HUWE1 SNX17 CD84 SH3GL1 F2R STIM1 FRMD8 PKP2 TSG101 ITPR1 SLC9A1 SLC9A3R1 RIPK1 SEC16A MSN DAB2 MAVS RGCC GSK3A PPP1R9A BICD1 DNM1L FGA OXSR1 DNM2 DNAJC1 ADORA2A BMP2K NUMB DOCK2 SHANK3 CAMK2D SRC VPS4B ABLIM3 CAMK2G CLASP1 MAPK14	0.1468834366937668
GO_POSITIVE_REGULATION_OF_NERVOUS_SYSTEM_DEVELOPMENT	ILK PPP1R9A DNM1L SCARF1 NCK1 DBNL MAP1B NUMB RAPGEF2 ARHGEF2 IL6ST SHANK3 DBN1 MACF1 TWF1 CXCR4 KALRN FLNA MARK2 SPAG9 NAP1L1 EIF4G1	0.14811676353921702
GO_ACTOMYOSIN_STRUCTURE_ORGANIZATION	FHOD1 F11R PPP1R9A ARHGAP6 AKAP13 STMN1 PPFIA1 ARHGEF10 ARAP1 MYH9 EPB41 SRC ROCK2 SLC9A1 EPB41L3 PAK2 CLASP1 CDC42BPB CDC42BPA RGCC ZYX	0.15227547874230324
GO_MICROTUBULE_POLYMERIZATION_OR_DEPOLYMERIZATION	SLAIN2 STMN1 GAS2L1 CLASP1 NDE1 NCKAP5L CKAP5 KIF2A MAP1B TAOK1 MAP1A TUBGCP3 ARHGEF2	0.15035800081571368
GO_ACTOMYOSIN	FHOD1 ILK MYLK LIMA1 ABLIM3 MYO5A CDC42BPB CDC42BPA SHROOM4 DAAM1 ZYX MYH9 DBN1	0.1482100293754892
GO_CELL_JUNCTION_ASSEMBLY	APP TESK2 ILK F11R PPP1R9A ARHGAP6 SLK OPHN1 DBNL CLDN5 CTTN MAP1B PKP2 RAPGEF2 TLN1 SHANK3 VCL ARF6 PLEC MACF1 SRC ROCK2 SLC9A1 EPB41L3 FLNA PAK2 CLASP1 VASP EIF4G1	0.1507685857051978
GO_REGULATION_OF_GROWTH	APP GSK3A ILK ARHGAP4 KIAA1109 DBNL DNM2 ADAM17 CTTN MAP1B PRKCQ DBN1 MACF1 CAMK2D TSG101 SHC1 CXCR4 RASGRP2 STK4 RTN4 MTM1 SAV1 SLC9A1 EPB41L3 VPS54 RIPK1 PAK2 MAPK14 EIF4G1	0.14867457757040337
GO_ACTIN_FILAMENT_BUNDLE_ORGANIZATION	SRC ROCK2 FHOD1 F11R PPP1R9A ADD3 ARHGAP6 SLC9A1 LIMA1 STMN1 PPFIA1 FLNA PAK2 CLASP1 ARHGEF10 PAWR ARAP1 RGCC ZYX SHANK3	0.14719983786019708
GO_EPITHELIAL_CELL_DEVELOPMENT	GSK3A SRC ROCK2 CXCR4 F11R SLC9A3R1 FLNA MSN SCRIB CLDN5 RAPGEF2 IL6ST VCL TJP2	0.1485479148058484
GO_DEVELOPMENTAL_CELL_GROWTH	APP MACF1 GSK3A CXCR4 ILK RTN4 ARHGAP4 AKAP13 MAP2K4 DBNL DNM2 CTTN MAP1B DBN1 VCL	0.1513932457156443
GO_POSITIVE_REGULATION_OF_DENDRITE_MORPHOGENESIS	DBNL ILK DNM1L KALRN DBN1	0.15130903608458032
GO_CELL_MORPHOGENESIS_INVOLVED_IN_DIFFERENTIATION	APP OPHN1 STMN1 SCRIB UNC13D MAP1B MAP1A PRKCQ TNIK VCL MACF1 SHC1 KALRN RTN4 SLC9A3R1 SPTBN1 MARK2 VASP NBEAL2 PARVB CASS4 FERMT3 DOCK5 ILK PPP1R9A ARHGAP4 KIF13B DNM1L FGA DBNL SPTB DNM2 CTTN ALS2 NUMB RAPGEF2 MYH9 SHANK3 DBN1 SRC CXCR4 NEXN FLNA PAK2	0.1538072296859921
GO_REGULATION_OF_ACTIN_FILAMENT_ORGANIZATION	FHOD1 F11R PPP1R9A ARHGAP6 CAPZB TMSB4X STMN1 PPFIA1 NCK1 ARHGEF10 DBNL PRKCD ARAP1 SPTB CTTN SHANK3 DBN1 ARF6 ROCK2 TWF1 ADD3 SLC9A1 LIMA1 FLNA PAK2 SPTBN1 CLASP1 VASP SVIL RGCC	0.15931725959770462
GO_REGULATION_OF_PROTEIN_KINASE_ACTIVITY	APP UBASH3B PRKACB MAP3K7 MAP3K5 MAP2K4 PRKCD F2R TOM1L1 ADAM17 CCNY MAPKAPK2 TNIK TSG101 SHC1 AGAP2 STK4 SLC9A3R1 RIPK1 MARK2 RGCC WNK1 CASS4 TAB3 LAT ILK HSPB1 PPP1R9A AKAP13 NCK1 MAP4K2 DBNL KSR1 SYK ADORA2A ALS2 RAPGEF2 LCP2 SRC HTT CXCR4 PAK2 SPAG9 MAPK14 TAOK1	0.16218595827820018
GO_SECOND_MESSENGER_MEDIATED_SIGNALING	GSK3A PPP1R9A AKAP13 SAMD14 KSR1 SYK ADORA2A RAPGEF2 CAMK2D ITPR1 HTT CXCR4 SLC9A1 SLC9A3R1 TBXA2R EIF4EBP2 NFATC2 MYO5A NFATC1 PDE3A LAT	0.1720870043641527
GO_CELL_SUBSTRATE_JUNCTION	SLC4A2 MPRIP PPFIA1 AFAP1 ADAM17 TLN1 VCL TWF1 SLC9A1 G3BP1 VASP MSN PARVB DAB2 HNRNPK CASS4 FERMT3 TGFB1I1 HSPB1 ILK GIT1 SHROOM4 DNM2 CTTN NUMB MYH9 ARHGEF2 ARF6 PLEC SRC NEXN LIMA1 FLNA CLASP1 SVIL ZNF185 PTPN12 ZYX	0.17517864789991594
GO_GROWTH	APP KIAA1109 MAP2K4 ADAM17 MAP1B PRKCQ VCL MACF1 TSG101 SHC1 RASGRP2 STK4 RTN4 SAV1 SLC9A1 MTM1 EPB41L3 RIPK1 EIF4G1 GSK3A ILK ARHGAP4 AKAP13 DBNL DNM2 CTTN SHANK3 DBN1 CAMK2D SRC CXCR4 VPS54 PAK2 PTPN12 MAPK14	0.1859676189502597
GO_ENZYME_ACTIVATOR_ACTIVITY	APP OPHN1 PRKCD WRNIP1 GAPVD1 TOM1L1 ACAP2 AGAP2 ARHGAP15 STK4 ARHGAP21 STXBP5 MARK2 RAP1GAP2 ARHGAP25 RGCC WNK1 DOCK5 ARHGAP6 ARHGAP4 SH3PXD2A DNM1L GIT1 DBNL ARAP1 TBC1D1 DNAJC1 RABEP1 RASA3 ALS2 RAPGEF2 DOCK2 ARHGEF6 RGS18 RABGAP1 ASAP1 PAK2 MYO9B TAOK1	0.18756832806243698
GO_REGULATION_OF_DEVELOPMENTAL_GROWTH	APP MACF1 GSK3A CXCR4 ILK STK4 RTN4 ARHGAP4 MTM1 SAV1 RIPK1 DBNL MAPK14 DNM2 CTTN MAP1B DBN1	0.18992094970628548
GO_REGULATION_OF_ACTIN_FILAMENT_BUNDLE_ASSEMBLY	ROCK2 FHOD1 F11R PPP1R9A ARHGAP6 SLC9A1 STMN1 PPFIA1 FLNA PAK2 CLASP1 ARHGEF10 ARAP1 RGCC SHANK3	0.19209985237591964
GO_REGULATION_OF_ORGANELLE_ORGANIZATION	F11R STMN1 PRKCD AFAP1 CD2AP DYNC1LI1 MAP1B MAP1A PRKCQ TWF1 SLAIN2 SPTBN1 VASP PDE3A ARHGAP6 AKAP13 TMSB4X DBNL INF2 CTTN ARHGEF2 DBN1 ARF6 HTT NEXN LIMA1 FLNA PAK2 SVIL HUWE1 TAOK1 FHOD1 PPFIA1 TOM1L1 TSG101 SLC9A1 MTM1 G3BP1 GAS2L1 MARK2 MSN MAVS RGCC SYNJ1 GSK3A ILK PPP1R9A BICD1 CAPZB DNM1L NCK1 ARHGEF10 ARAP1 SPTB CKAP5 DNM2 SEC22B SHANK3 CAMK2D SRC ROCK2 VPS4B ASAP1 ADD3 ABLIM3 CLASP1 PIKFYVE	0.19350721725432704
GO_G_PROTEIN_COUPLED_RECEPTOR_SIGNALING_PATHWAY_COUPLED_TO_CYCLIC_NUCLEOTIDE_SECOND_MESSENGER	GSK3A GRIK3 AKAP13 SLC9A3R1 ADORA2A TBXA2R RAPGEF2 FLNA PRKACB	0.19155792897498203
GO_KINASE_ACTIVATOR_ACTIVITY	AGAP2 STK4 TOM1L1 RGCC ALS2 WNK1 TAOK1 PAK2 MARK2	0.18938113432753906
GO_FILOPODIUM_ASSEMBLY	DOCK11 CAPZB PRKCD ARAP1 FNBP1L PPP1R9A ARF6	0.19996558237745743
GO_MUSCLE_SYSTEM_PROCESS	DOCK5 GSK3A MYLK AKAP13 MAP2K4 F2R CTTN PKP2 IL6ST TLN1 ALDOA VCL CAMK2D ROCK2 CXCR4 SLC9A1 TBXA2R CALD1 FLNA CAMK2G SMTN	0.20070147339339178
GO_RESPONSE_TO_WOUNDING	SERPINE1 F13A1 F11R MYLK DOCK11 UBASH3B PRKACB MAP3K5 MAP2K4 PRKCB PRKCD F2R SCRIB SYTL4 ADAM17 MAP1B PRKCQ TLN1 VCL MACF1 ITPR1 TBXA2R TREML1 FERMT3 HSPB1 ILK PEAR1 CAPZB CLIC1 SCARF1 FGA FCER1G SYK ADORA2A MYH9 LCP2 PLEC SRC CXCR4 FLNA CLASP1	0.20228159086264696
GO_POSITIVE_REGULATION_OF_PROTEIN_KINASE_ACTIVITY	PRKACB MAP3K7 MAP3K5 MAP2K4 PRKCD F2R TOM1L1 ADAM17 CCNY MAPKAPK2 TNIK SHC1 AGAP2 STK4 RIPK1 MARK2 RGCC WNK1 CASS4 TAB3 LAT ILK PPP1R9A AKAP13 MAP4K2 DBNL KSR1 SYK ALS2 RAPGEF2 LCP2 SRC CXCR4 PAK2 SPAG9 MAPK14 TAOK1	0.20184448445007608
GO_EPITHELIAL_CELL_DIFFERENTIATION	GSK3A TGFB1I1 SERPINE1 F11R KIAA1109 OPHN1 SCRIB MTSS1 CLDN5 PKP2 RAPGEF2 IL6ST VCL TSG101 SRC ROCK2 CXCR4 STK4 SAV1 SLC9A3R1 FLNA MSN DAB2 TJP2	0.20697061402909858
GO_VESICLE_MEDIATED_TRANSPORT_TO_THE_PLASMA_MEMBRANE	GRIPAP1 MACF1 ARFGEF2 SEC16A SCRIB DNM2 CNST RABEP1 SNX17 SPTBN1	0.20701581706760416
GO_NEUROGENESIS	APP SAMD14 OPHN1 STMN1 ANKS1A SCRIB MAP1B MAP1A PRKCQ MACF1 TWF1 KALRN EPB41L3 SPTBN1 VASP WNK1 CDK16 ARHGAP4 KIF13B DBNL CTTN RAPGEF2 ARHGEF2 DBN1 ARF6 NEXN CXCR4 FLNA PAK2 NDE1 TAOK1 FRY EIF4ENIF1 TBC1D23 TNIK IL6ST VCL SHC1 RTN4 SLC9A3R1 MARK2 RAP1GAP2 EIF4G1 GSK3A ILK PPP1R9A DNM1L SCARF1 NCK1 ARHGEF10 SPTB DNM2 ADORA2A ALS2 NUMB SHANK3 SRC ASAP1 CAMK2G SPAG9 NAP1L1	0.20780359496853754
GO_CELL_JUNCTION_ORGANIZATION	APP TESK2 F11R SLK OPHN1 PPFIA1 F2R CLDN5 MAP1B PKP2 TLN1 VCL MACF1 KALRN SLC9A1 EPB41L3 VASP MYO5A EIF4G1 ILK PPP1R9A ARHGAP6 DNM1L GRIPAP1 DBNL CTTN ALS2 NUMB RAPGEF2 SHANK3 DBN1 ARF6 PLEC SRC ROCK2 FLNA PAK2 CLASP1 MAPK14 TJP2	0.20975337903937177
GO_NEURON_DIFFERENTIATION	APP FRY EIF4ENIF1 SAMD14 OPHN1 STMN1 ANKS1A SCRIB MAP1B MAP1A PRKCQ TBC1D23 TNIK VCL MACF1 SHC1 TWF1 KALRN RTN4 SLC9A3R1 EPB41L3 SPTBN1 MARK2 VASP RAP1GAP2 WNK1 CDK16 EIF4G1 GSK3A ILK PPP1R9A ARHGAP4 KIF13B DNM1L SCARF1 NCK1 DBNL SPTB DNM2 ADORA2A CTTN ALS2 NUMB RAPGEF2 ARHGEF2 SHANK3 DBN1 ARF6 SRC NEXN CXCR4 ASAP1 PAK2 CAMK2G SPAG9 TAOK1	0.2162239699627366
GO_PROTEIN_LOCALIZATION_TO_PLASMA_MEMBRANE	F11R CNST PPFIA1 GRIPAP1 FCER1G TTC7B SCRIB FAM126B FAM126A PACS2 PACS1 PKP2 NUMB RAPGEF2 TNIK ARF6 MACF1 ROCK2 SLC9A3R1 EPB41L3 FLNA SPTBN1 SEC16A DENND4C MYO5A DAB2	0.21404425964345675
GO_NEGATIVE_REGULATION_OF_PROTEIN_CONTAINING_COMPLEX_DISASSEMBLY	SVIL TWF1 ADD3 SPTB LIMA1 CAPZB MAP1B TAOK1 ARHGEF2 CLASP1 SPTBN1	0.21568884395397261
GO_PLATELET_ACTIVATION	HSPB1 ILK F11R PEAR1 UBASH3B CLIC1 FGA FCER1G SYK PRKCB F2R PRKCD MYH9 PRKCQ LCP2 TLN1 VCL SRC ITPR1 FLNA TREML1 FERMT3	0.21978686156564148
GO_POSITIVE_REGULATION_OF_CATALYTIC_ACTIVITY	APP F11R OPHN1 PRKACB PRKCD SCRIB GAPVD1 CCNY PRKCQ AGAP2 KALRN STXBP5 WNK1 ARHGAP6 ARHGAP4 AKAP13 SH3PXD2A TMSB4X GIT1 MAP4K2 DBNL SYK RAPGEF2 ARHGEF6 RABGAP1 CXCR4 PAK2 MYO9B TAOK1 DOCK11 MAP3K7 MAP3K5 MAP2K4 F2R WRNIP1 TOM1L1 ACAP2 ADAM17 STIM1 MAPKAPK2 TNIK SHC1 RASGRP2 ARHGAP15 STK4 ARHGAP21 MBP RIPK1 MARK2 RAP1GAP2 ARHGAP25 RGCC CASS4 TAB3 LAT DOCK5 GSK3A ILK PPP1R9A DNM1L ARHGEF10 KSR1 ARAP1 TBC1D1 DNAJC1 RABEP1 ALS2 RASA3 LCP2 DOCK2 RGS18 SRC ROCK2 ASAP1 SPAG9 MAPK14 CCS	0.21853055562569373
GO_CELL_MORPHOGENESIS_INVOLVED_IN_NEURON_DIFFERENTIATION	APP OPHN1 STMN1 SCRIB MAP1B MAP1A PRKCQ TNIK VCL MACF1 SHC1 KALRN RTN4 SLC9A3R1 SPTBN1 MARK2 VASP ILK PPP1R9A ARHGAP4 KIF13B DNM1L DBNL SPTB DNM2 CTTN ALS2 NUMB RAPGEF2 SHANK3 DBN1 SRC CXCR4 NEXN PAK2	0.2168402533356793
GO_PROTEIN_LOCALIZATION_TO_CELL_PERIPHERY	F11R CNST PPFIA1 GRIPAP1 FCER1G TTC7B SCRIB FAM126B FAM126A RABEP1 PACS2 PACS1 PKP2 NUMB RAPGEF2 TNIK ARF6 MACF1 EPB41 ROCK2 SLC9A3R1 EPB41L3 FLNA SPTBN1 SEC16A DENND4C MYO5A DAB2	0.21633114058079284
GO_REGULATION_OF_ACTOMYOSIN_STRUCTURE_ORGANIZATION	ROCK2 FHOD1 F11R PPP1R9A ARHGAP6 SLC9A1 AKAP13 STMN1 PPFIA1 PAK2 CLASP1 ARHGEF10 ARAP1 RGCC	0.22277718971996238
GO_ACTIVATION_OF_MAPK_ACTIVITY	SHC1 CXCR4 RIPK1 MAP3K7 MAP3K5 SPAG9 MAP2K4 MAP4K2 DBNL SYK MAPK14 TAOK1 MAPKAPK2 TAB3	0.22065550219881988
GO_POSITIVE_REGULATION_OF_CELL_PROJECTION_ORGANIZATION	ILK FNBP1L PPP1R9A DOCK11 DNM1L SCARF1 NCK1 DBNL ARAP1 DNM2 MAP1B RAPGEF2 SHANK3 DBN1 MACF1 SRC HTT TWF1 CXCR4 KALRN MARK2	0.22079768330978816
GO_POSITIVE_REGULATION_OF_TRANSPORTER_ACTIVITY	PRKCD HTT SLC9A1 DNM2 STIM1 WNK1 TMSB4X SHANK3	0.2222838898216392
GO_WOUND_HEALING	SERPINE1 F13A1 F11R MYLK DOCK11 UBASH3B PRKACB MAP3K5 PRKCB PRKCD F2R SCRIB SYTL4 ADAM17 PRKCQ TLN1 VCL MACF1 ITPR1 TBXA2R TREML1 FERMT3 HSPB1 ILK PEAR1 CAPZB CLIC1 FGA FCER1G SYK ADORA2A MYH9 LCP2 PLEC SRC CXCR4 FLNA CLASP1	0.22290684132307245
GO_ESTABLISHMENT_OF_EPITHELIAL_CELL_POLARITY	SLC9A3R1 OPHN1 MSN FRMD4B CLASP1 ARF6	0.22283949974575248
GO_POSITIVE_REGULATION_OF_PROTEIN_SERINE_THREONINE_KINASE_ACTIVITY	ILK AKAP13 MAP3K7 MAP3K5 MAP4K2 MAP2K4 DBNL SYK KSR1 F2R ADAM17 CCNY ALS2 MAPKAPK2 RAPGEF2 TNIK SHC1 SRC CXCR4 STK4 RIPK1 SPAG9 MAPK14 RGCC TAOK1 TAB3	0.23705441641937003
GO_NEURON_DEVELOPMENT	APP FRY SAMD14 OPHN1 STMN1 ANKS1A SCRIB MAP1B MAP1A PRKCQ TBC1D23 TNIK VCL MACF1 SHC1 TWF1 KALRN RTN4 SLC9A3R1 EPB41L3 SPTBN1 MARK2 VASP RAP1GAP2 WNK1 CDK16 GSK3A ILK PPP1R9A ARHGAP4 KIF13B DNM1L SCARF1 NCK1 DBNL SPTB DNM2 ADORA2A CTTN ALS2 NUMB RAPGEF2 SHANK3 DBN1 ARF6 SRC NEXN CXCR4 ASAP1 PAK2 CAMK2G TAOK1	0.2380198887145674
GO_POSITIVE_REGULATION_OF_NEURON_DIFFERENTIATION	MACF1 TWF1 CXCR4 ILK PPP1R9A KALRN DNM1L SCARF1 MARK2 NCK1 SPAG9 DBNL MAP1B RAPGEF2 ARHGEF2 SHANK3 DBN1 EIF4G1	0.2476606228969347
GO_STRUCTURAL_MOLECULE_ACTIVITY	BICD1 NUP214 FGA SPTB CD2AP CLDN5 MAP1B MAP1A TLN1 VCL PLEC MACF1 ROCK2 EPB41 NEXN ADD3 EPB41L3 MBP SPTBN1 MSN SMTN TUBGCP3	0.24775584418625152
GO_REGULATION_OF_EXTENT_OF_CELL_GROWTH	MACF1 DBNL ILK RTN4 ARHGAP4 DNM2 CTTN MAP1B DBN1	0.2456464097385399
GO_ESTABLISHMENT_OR_MAINTENANCE_OF_CELL_POLARITY	ILK SPN OPHN1 SCRIB FRMD4B CKAP5 MAP1B MYH9 ARHGEF2 DOCK2 ARF6 ROCK2 HTT SLC9A1 SLC9A3R1 MARK2 CLASP1 NDE1 MSN PARVB CDC42BPB	0.26057752806618995
GO_CELL_GROWTH	APP GSK3A ILK ARHGAP4 AKAP13 KIAA1109 MAP2K4 DBNL DNM2 ADAM17 CTTN MAP1B PRKCQ DBN1 VCL MACF1 CAMK2D TSG101 CXCR4 RASGRP2 RTN4 SLC9A1 EPB41L3 EIF4G1	0.2620831469227146
GO_CHANNEL_REGULATOR_ACTIVITY	CAMK2D PRKCB ITPR1 ARPP19 SLC9A3R1 STIM1 WNK1 ENSA PKP2 FLNA	0.262581498
GO_POSITIVE_REGULATION_OF_JUN_KINASE_ACTIVITY	SPAG9 MAP4K2 MAP2K4 DBNL SYK TAOK1 RIPK1 TNIK MAP3K7 MAP3K5	0.2603562314453308
GO_PRESYNAPTIC_ENDOCYTOSIS	SCRIB STON2 DNM2 KIAA1109 OPHN1 SYNJ1 CANX DNM1L SH3GL1 ARF6	0.2581683639541936
GO_DEFENSE_RESPONSE_TO_BACTERIUM	FGA FCER1G SYK SHC1 SERPINE1 PRKCD SPN ADAM17 MAVS TNFRSF14	0.256016961
GO_STRESS_FIBER_ASSEMBLY	SRC ROCK2 FHOD1 F11R PPP1R9A ARHGAP6 SLC9A1 STMN1 PPFIA1 PAK2 CLASP1 ARHGEF10 ARAP1 RGCC ZYX	0.26027478861764136
GO_REGULATION_OF_CELL_JUNCTION_ASSEMBLY	APP MACF1 SRC ROCK2 F11R PPP1R9A ARHGAP6 SLC9A1 SLK CLASP1 CLDN5 RAPGEF2 VCL ARF6 EIF4G1	0.2581413887109394
GO_CELL_CORTEX	EXOC3L4 FNBP1L FRY PPP1R9A AKAP13 FGA DBNL PRKCB EXOC7 SPTB SHROOM4 CLDN5 BIN2 CTTN STIM1 MYH9 DBN1 ARF6 EPB41 ADD3 CALD1 FLNA SPTBN1 CLASP1 MPP1 MYO9B	0.2613878356166551
GO_POSITIVE_REGULATION_OF_TUMOR_NECROSIS_FACTOR_SUPERFAMILY_CYTOKINE_PRODUCTION	APP ARFGEF2 FCER1G SYK HSPB1 SPN MAVS FRMD8 MAPKAPK2 RIPK1 ARHGEF2	0.2601574015087227
GO_PROFILIN_BINDING	VASP CTTN WIPF1 HTT DBN1	0.2582822646196803
GO_ESTABLISHMENT_OR_MAINTENANCE_OF_MONOPOLAR_CELL_POLARITY	SLC9A3R1 OPHN1 MAP1B MSN SCRIB	0.25623240537666697
GO_TUMOR_NECROSIS_FACTOR_SUPERFAMILY_CYTOKINE_PRODUCTION	APP HSPB1 UBE2J1 SPN RIPK1 ARFGEF2 FCER1G SYK MAVS FRMD8 MAPKAPK2 TBC1D23 ARHGEF2	0.25884004581125986
GO_REGULATION_OF_PROTEIN_DEPOLYMERIZATION	TWF1 ADD3 LIMA1 CAPZB CLASP1 SPTBN1 SVIL SPTB MAP1B TAOK1 MAP1A ARHGEF2	0.25702977676627486
GO_REGULATION_OF_ENDOCYTOSIS	TSG101 SRC SERPINE1 STON2 BICD1 OPHN1 DNM1L SH3GL1 SYK SCRIB CD2AP DNM2 DAB2 HNRNPK SNX17 BMP2K NUMB ARF6	0.2808106577195827
GO_NEGATIVE_REGULATION_OF_CELLULAR_COMPONENT_ORGANIZATION	F11R STMN1 PPFIA1 PRKCD TOM1L1 DYNC1LI1 MAP1B TWF1 RTN4 MTM1 SPTBN1 RAP1GAP2 RGCC GSK3A PPP1R9A ARHGAP6 ARHGAP4 CAPZB TMSB4X DNM1L ARAP1 SPTB DNM2 RAPGEF2 ARHGEF2 SEC22B SHANK3 ARF6 SRC ROCK2 ASAP1 ADD3 LIMA1 PAK2 CLASP1 SVIL HUWE1 TAOK1	0.30125858715958315
GO_REGULATION_OF_PODOSOME_ASSEMBLY	SRC MSN ASAP1 ARHGEF2	0.3081877061170159
GO_POSITIVE_REGULATION_OF_DENDRITIC_SPINE_MORPHOGENESIS	DBNL DNM1L KALRN DBN1	0.30585295076764457
GO_SUPEROXIDE_METABOLIC_PROCESS	CCS SH3PXD2A SYK PRKCD	0.30355330452127127
GO_CARDIAC_MUSCLE_CELL_CONTRACTION	CAMK2D PKP2 FLNA SLC9A1	0.3012879813532021
GO_SUBSTRATE_DEPENDENT_CELL_MIGRATION_CELL_EXTENSION	CTTN OPHN1 CD2AP NCK1	0.29905621852836356
GO_MAIN_AXON	APP ADORA2A MAP1B MAP1A EPB41L3 KIF13B MBP SPTBN1	0.2972112602211373
GO_ACTIVATION_OF_JUN_KINASE_ACTIVITY	SPAG9 MAP4K2 MAP2K4 DBNL SYK TAOK1 RIPK1 MAP3K5	0.2950418349640487
GO_CELL_PROJECTION_MEMBRANE	KSR1 DNM2 ADAM17 ADORA2A ARHGEF2 TLN1 SHANK3 ARF6 MACF1 SRC TWF1 ASAP1 RASGRP2 LIMA1 SLC9A3R1 EPB41L3 SPTBN1 VASP MSN	0.3161533341858512
GO_ACTIVATION_OF_PROTEIN_KINASE_ACTIVITY	PRKACB MAP3K7 MAP3K5 MAP4K2 MAP2K4 DBNL SYK KSR1 PRKCD F2R TOM1L1 MAPKAPK2 TNIK SHC1 SRC AGAP2 CXCR4 STK4 RIPK1 PAK2 MARK2 SPAG9 MAPK14 RGCC WNK1 TAOK1 TAB3	0.31578065863328425
GO_NEURON_PROJECTION	APP SAMD14 OPHN1 STMN1 PPFIA1 ANKS1A MAP2K4 PRKCB MAP1B MAP1A IL6ST RASGRP2 SAV1 SLC9A3R1 EPB41L3 MBP MARK3 SPTBN1 MARK2 RAP1GAP2 MYO5A SYNJ1 CDK16 GSK3A GRIK3 ILK HSPB1 STON2 PPP1R9A ARHGAP4 KIF13B GIT1 GRIPAP1 DBNL EXOC7 FAM126A DNM2 ADORA2A CTTN ALS2 CANX RAPGEF2 ARHGEF2 SHANK3 DBN1 CAMK2D SRC HTT NEXN ASAP1 FLNA CAMK2G CNNM4 MPP1 ARFGEF2	0.314791751
GO_REGULATION_OF_TRANSFERASE_ACTIVITY	APP UBASH3B PRKACB MAP3K7 MAP3K5 MAP2K4 PRKCD F2R TOM1L1 ADAM17 CCNY MAPKAPK2 PRKCQ TNIK TSG101 SHC1 AGAP2 STK4 SLC9A3R1 RIPK1 MARK2 RGCC WNK1 CASS4 TAB3 LAT GSK3A ILK HSPB1 PPP1R9A AKAP13 DNM1L NCK1 MAP4K2 DBNL PARP4 KSR1 SYK ADORA2A ALS2 RAPGEF2 LCP2 SRC HTT CXCR4 PAK2 SPAG9 MAPK14 TAOK1	0.32181082858796883
GO_CELL_PART_MORPHOGENESIS	APP PANK2 OPHN1 STMN1 MAP1B MAP1A PRKCQ TNIK VCL MACF1 SHC1 KALRN RTN4 MTM1 EPB41L3 SPTBN1 MARK2 VASP ILK PPP1R9A ARHGAP4 KIF13B DNM1L DBNL SPTB DNM2 ADORA2A CTTN ALS2 NUMB RAPGEF2 SHANK3 DBN1 SRC CXCR4 NEXN PAK2 TAOK1	0.32151475572120086
GO_REGULATION_OF_JUN_KINASE_ACTIVITY	SPAG9 MAP4K2 MAP2K4 DBNL SYK TAOK1 RIPK1 TNIK MAP3K7 MAP3K5	0.3239880919957448
GO_POSITIVE_REGULATION_OF_EXOCYTOSIS	FGA FCER1G TSG101 SYK VPS4B SYTL4 UNC13D STXBP5 DNM1L CLASP1	0.3217381746902188
GO_REGULATION_OF_AXONOGENESIS	MACF1 ILK RTN4 ARHGAP4 KIF13B PAK2 MARK2 DBNL DNM2 CTTN MAP1B DBN1	0.3216806320532582
GO_DEVELOPMENTAL_GROWTH_INVOLVED_IN_MORPHOGENESIS	APP MACF1 CXCR4 ILK RTN4 ARHGAP4 DBNL DNM2 CTTN MAP1B DBN1 VCL	0.3194773400528934
GO_REGULATION_OF_RECEPTOR_MEDIATED_ENDOCYTOSIS	SERPINE1 BICD1 OPHN1 SYK SCRIB CD2AP DNM2 DAB2 HNRNPK BMP2K NUMB ARF6	0.31730402481443837
GO_SYNAPTIC_VESICLE_RECYCLING	STON2 KIAA1109 OPHN1 DNM1L SH3GL1 GRIPAP1 SCRIB DNM2 SYNJ1 CANX ARF6	0.3173767880828057
GO_POSITIVE_REGULATION_OF_T_CELL_MIGRATION	SPN APP ADAM17 WNK1 TNFRSF14 OXSR1	0.3255190816854634
GO_CYTOPLASMIC_MICROTUBULE_ORGANIZATION	CLIP2 SLK VPS4B SLAIN2 TUBGCP3 CLASP1	0.32334895447422696
GO_HEART_GROWTH	MAP2K4 AKAP13 GSK3A RIPK1 MAPK14 SAV1	0.32120757066976185
GO_ESTABLISHMENT_OR_MAINTENANCE_OF_BIPOLAR_CELL_POLARITY	SLC9A3R1 OPHN1 ILK MSN SCRIB MARK2	0.31909436296798716
GO_PROTEIN_CONTAINING_COMPLEX_DISASSEMBLY	CAPZB STMN1 SH3GL1 SPTB CKAP5 KIF2A MAP1B MAP1A ARHGEF2 TSG101 VPS4B TWF1 ADD3 LIMA1 SPTBN1 CLASP1 SVIL NCKAP5L SYNJ1 TAOK1	0.3347416705541359
GO_POSITIVE_REGULATION_OF_RNA_BIOSYNTHETIC_PROCESS	APP CRTC2 GSK3A FHOD1 TGFB1I1 SERPINE1 ILK NUCKS1 MAP3K5 NCK1 PRKCB F2R TFE3 DNM2 ARHGEF2 TSG101 SHC1 SRC SLC9A1 ABLIM3 PCBP1 RIPK1 NFATC2 NFATC1 MAPK14 DAB2 MAVS HNRNPK RGCC TACC1 LPIN2	0.34306483601954824
GO_MUSCLE_CONTRACTION	DOCK5 CAMK2D ROCK2 CXCR4 MYLK SLC9A1 TBXA2R CALD1 FLNA F2R SMTN CTTN PKP2 TLN1 ALDOA VCL	0.34115530598237653
GO_CELL_MOTILITY	APP SERPINE1 F11R MYLK OPHN1 ANKS1A PRKCD SCRIB CD2AP CLDN5 BIN2 MAP1B PRKCQ MACF1 NFATC2 WNK1 FERMT3 ARHGAP4 TMSB4X FCER1G SYK CTTN KIF2A RAPGEF2 ARHGEF2 ARF6 NEXN CXCR4 LIMA1 FLNA MPP1 NDE1 CD84 SLK F2R ADAM17 VCL SHC1 STK4 RTN4 SLC9A1 SLC9A3R1 TBXA2R TNFRSF14 MARK2 MSN DAB2 RGCC CASS4 DOCK5 GSK3A ILK HSPB1 SPN DNM1L NCK1 OXSR1 NUMB MYH9 SRC ROCK2 CLASP1 SPAG9 CDC42BPB MAPK14 CDC42BPA	0.3396618204297645
GO_AXON_DEVELOPMENT	APP ILK ARHGAP4 OPHN1 STMN1 KIF13B SCARF1 DBNL SPTB DNM2 CTTN ALS2 MAP1B MAP1A NUMB PRKCQ SHANK3 DBN1 VCL MACF1 SHC1 SRC CXCR4 NEXN RTN4 PAK2 SPTBN1 MARK2 VASP	0.3381446975554935
GO_NEURON_TO_NEURON_SYNAPSE	PPP1R9A SAMD14 SH3GL1 DBNL SCRIB DNM2 ADORA2A ALS2 MAP1B ARHGEF2 TNIK SHANK3 DBN1 EPB41 SRC ITPR1 ADD3 RTN4 EPB41L3 PAK2 SPTBN1 ARFGEF2	0.34427015278063294
GO_POSITIVE_REGULATION_OF_CELLULAR_BIOSYNTHETIC_PROCESS	APP CRTC2 FHOD1 SERPINE1 NUCKS1 MAP3K5 MAP2K4 PRKCB PRKCD F2R MAPKAPK2 PRKCQ TSG101 SHC1 AGAP2 ARPP19 SLC9A1 PCBP1 RIPK1 NFATC2 NFATC1 DAB2 MAVS HNRNPK RGCC DHX29 EIF4G1 GSK3A TGFB1I1 ILK HSPB1 SPN TMSB4X NCK1 SYK TFE3 PAWR DNM2 ARHGEF2 SRC ABLIM3 MAPK14 TACC1 LPIN2	0.3421729362101238
GO_REGULATION_OF_PROTEIN_SERINE_THREONINE_KINASE_ACTIVITY	HSPB1 ILK AKAP13 MAP3K7 MAP3K5 MAP2K4 MAP4K2 DBNL KSR1 SYK PRKCD F2R ADAM17 CCNY ALS2 MAPKAPK2 RAPGEF2 TNIK TSG101 SHC1 SRC HTT CXCR4 STK4 RIPK1 SPAG9 MAPK14 RGCC TAOK1 TAB3	0.3604773016754006
GO_COLUMNAR_CUBOIDAL_EPITHELIAL_CELL_DIFFERENTIATION	GSK3A SRC SERPINE1 SCRIB SAV1 SLC9A3R1 IL6ST	0.36383419398855366
GO_NEGATIVE_REGULATION_OF_ACTIN_FILAMENT_DEPOLYMERIZATION	SVIL TWF1 ADD3 SPTB LIMA1 CAPZB SPTBN1	0.36158830390220453
GO_SMOOTH_MUSCLE_CONTRACTION	DOCK5 ROCK2 F2R MYLK SMTN CTTN TBXA2R	0.3593699707494303
GO_CIRCULATORY_SYSTEM_PROCESS	DOCK5 GSK3A F11R AKAP13 DNM1L FGA F2R CLDN5 STIM1 ADORA2A PKP2 CAMK2D SRC ROCK2 ITPR1 CXCR4 SLC9A1 TBXA2R FLNA PDE3A TJP2	0.3591071489173727
GO_REGULATION_OF_CELLULAR_COMPONENT_MOVEMENT	APP SERPINE1 MYLK SLK STMN1 F2R CLDN5 ADAM17 PKP2 VCL MACF1 STK4 RTN4 SLC9A3R1 TBXA2R TNFRSF14 MSN DAB2 RGCC WNK1 CASS4 FERMT3 DOCK5 ILK HSPB1 ARHGAP4 SPN TMSB4X DNM1L NCK1 ARAP1 OXSR1 KIF2A NUMB RAPGEF2 ARHGEF2 ARF6 CAMK2D SRC ROCK2 NEXN CXCR4 FLNA CLASP1 SPAG9 MPP1 MAPK14	0.37355807956866205
GO_REGULATION_OF_ORGANELLE_ASSEMBLY	TSG101 SRC VPS4B HTT ASAP1 MTM1 AKAP13 G3BP1 MSN DNM2 PIKFYVE ARHGEF2 SEC22B	0.372685885
GO_RAS_GUANYL_NUCLEOTIDE_EXCHANGE_FACTOR_ACTIVITY	KALRN DOCK11 AKAP13 DENND2C ARHGEF10 DENND4A DENND4C ALS2 RAPGEF2 ARHGEF2 DOCK2 RGL2 ARHGEF6	0.370454233
GO_CELLULAR_COMPONENT_MORPHOGENESIS	APP PANK2 OPHN1 STMN1 MAP1B MAP1A PRKCQ TNIK VCL MACF1 SHC1 KALRN RTN4 MTM1 EPB41L3 SPTBN1 MARK2 VASP ILK PPP1R9A ARHGAP4 AKAP13 KIF13B DNM1L DBNL SPTB DNM2 ADORA2A CTTN ALS2 NUMB RAPGEF2 SHANK3 DBN1 SRC NEXN CXCR4 PAK2 CLASP1 PIKFYVE TAOK1	0.3692916950555134
GO_REGULATION_OF_SMALL_GTPASE_MEDIATED_SIGNAL_TRANSDUCTION	F11R ARHGAP6 ARHGAP4 AKAP13 OPHN1 STMN1 ARHGEF10 F2R ARAP1 CD2AP DNM2 ITPKB RASA3 ALS2 ARHGEF2 ARF6 ARHGEF6 SHC1 SRC ARHGAP15 KALRN ARHGAP21 RAP1GAP2 ARFGEF2 DENND4A DENND4C MYO9B ARHGAP25 RGL2	0.37252488951638996
GO_POSITIVE_REGULATION_OF_MAP_KINASE_ACTIVITY	ILK AKAP13 MAP3K7 MAP3K5 MAP4K2 MAP2K4 DBNL SYK KSR1 F2R MAPKAPK2 TNIK SHC1 SRC CXCR4 RIPK1 SPAG9 MAPK14 TAOK1 TAB3	0.37479366220865873
GO_PROTEIN_LOCALIZATION_TO_CELL_JUNCTION	GRIPAP1 HSPB1 SCRIB F11R MAP1A FLNA VCL DBN1	0.37529779508377753
GO_KINASE_ACTIVITY	PANK2 ARAF TESK2 MYLK SLK PRKACB MAP3K7 MAP3K5 MAP2K4 PRKCB PRKCD MAPKAPK2 PRKCQ TNIK STK4 KALRN RIPK1 MARK3 MARK2 CDK17 PHKB WNK1 CDK16 GSK3A ILK AKAP13 MAP4K2 KSR1 SYK OXSR1 ITPKB BMP2K CAMK2D SRC ROCK2 PAK2 CAMK2G MPP1 CDC42BPB CDC42BPA MAPK14 BCKDK PIKFYVE TAOK1 TJP2	0.376387242
GO_HEART_PROCESS	GSK3A CAMK2D SRC ITPR1 CXCR4 SLC9A1 AKAP13 FLNA DNM1L STIM1 PKP2	0.38264014772469573
GO_REGULATION_OF_CELL_PROJECTION_ASSEMBLY	SRC TWF1 HTT FNBP1L PPP1R9A DOCK11 CAPZB PRKCD ARAP1 DNM2 ARF6	0.3804410664159331
GO_NEURON_PROJECTION_EXTENSION	MACF1 ILK CXCR4 RTN4 ARHGAP4 DBNL DNM2 CTTN MAP1B VCL DBN1	0.3782671174649849
GO_MICROTUBULE_CYTOSKELETON_ORGANIZATION_INVOLVED_IN_MITOSIS	VPS4B HTT STMN1 FLNA CLASP1 ARHGEF10 NDE1 CKAP5 KIF2A TACC1 ARHGEF2	0.37611787247938844
GO_NERVOUS_SYSTEM_PROCESS	APP GSK3A PPP1R9A SH3GL1 F2R SHROOM4 CLDN5 ADORA2A MAP1A SHANK3 SRC ROCK2 HTT CXCR4 KALRN SLC9A1 SLC9A3R1 EIF4EBP2 MBP CNNM4 MYO5A SYNJ1	0.37622352774293666
GO_CELL_RECOGNITION	APP CXCR4 NEXN MSN PEAR1 RTN4 CD226 ALDOA DOCK2	0.37471697087891676
GO_RHO_GUANYL_NUCLEOTIDE_EXCHANGE_FACTOR_ACTIVITY	ARHGEF10 KALRN AKAP13 DOCK11 ALS2 ARHGEF2 DOCK2 RGL2 ARHGEF6	0.37262357998015183
GO_REGULATION_OF_DENDRITE_MORPHOGENESIS	DBNL ILK PPP1R9A KALRN RAPGEF2 TNIK DNM1L SHANK3 DBN1	0.3705534489802621
GO_CELL_CELL_ADHESION	CD84 F11R UBASH3B PRKCD SCRIB CD2AP CLDN5 PKP2 PRKCQ IL6ST TLN1 VCL SHC1 MBP TNFRSF14 MSN RGCC WNK1 FERMT3 ILK HSPB1 PEAR1 SPN CLIC1 NCK1 FGA SYK PAWR ITPKB ADORA2A MYH9 SRC NEXN FLNA PAK2 MAPK14 TJP2	0.3699013249593439
GO_AXON_EXTENSION	MACF1 DBNL ILK RTN4 ARHGAP4 DNM2 CTTN MAP1B VCL DBN1	0.36892609061546716
GO_PROTEIN_KINASE_ACTIVITY	ARAF TESK2 MYLK SLK PRKACB MAP3K7 MAP3K5 MAP2K4 PRKCB PRKCD MAPKAPK2 PRKCQ TNIK STK4 KALRN RIPK1 MARK3 MARK2 CDK17 PHKB WNK1 CDK16 GSK3A ILK AKAP13 MAP4K2 KSR1 SYK OXSR1 BMP2K CAMK2D SRC ROCK2 PAK2 CAMK2G CDC42BPB CDC42BPA MAPK14 BCKDK TAOK1	0.3704389977040339
GO_REGULATION_OF_RESPONSE_TO_WOUNDING	SERPINE1 CXCR4 F11R MYLK UBASH3B TBXA2R SCARF1 CLASP1 FGA FCER1G SYK F2R PRKCD SYTL4 MYH9 PRKCQ	0.37005189873183225
GO_REGULATION_OF_RAS_PROTEIN_SIGNAL_TRANSDUCTION	F11R AKAP13 OPHN1 STMN1 ARHGEF10 F2R DNM2 ITPKB RASA3 ALS2 ARHGEF2 ARF6 SHC1 KALRN ARFGEF2 DENND4A DENND4C MYO9B RGL2	0.37227269850930444
GO_POSITIVE_REGULATION_OF_INTERLEUKIN_8_PRODUCTION	MAVS SYK SERPINE1 F2R RIPK1	0.37192060205633487
GO_MITOTIC_SPINDLE_ASSEMBLY	ARHGEF10 KIF2A VPS4B FLNA CLASP1	0.3699317218314347
GO_POSITIVE_REGULATION_OF_PRODUCTION_OF_MOLECULAR_MEDIATOR_OF_IMMUNE_RESPONSE	MAVS FCER1G CD226 TNFRSF14 MAP3K7	0.3679639999067994
GO_MICROTUBULE_NUCLEATION	NDE1 SLAIN2 TUBGCP3 CKAP5 CLASP1	0.3660171004363931
GO_DENDRITIC_SHAFT	APP MAP1A ILK FLNA ARHGEF2	0.36409069464462257
GO_REGULATION_OF_CYTOKINE_PRODUCTION_INVOLVED_IN_IMMUNE_RESPONSE	MAVS FCER1G CD226 TNFRSF14 MAP3K7	0.3621844606412476
GO_POSITIVE_REGULATION_OF_GTPASE_ACTIVITY	F11R DOCK11 OPHN1 F2R SCRIB GAPVD1 ACAP2 AGAP2 RASGRP2 ARHGAP15 KALRN ARHGAP21 STXBP5 RAP1GAP2 ARHGAP25 DOCK5 ARHGAP6 ARHGAP4 DNM1L GIT1 ARHGEF10 ARAP1 TBC1D1 RABEP1 RASA3 ALS2 RAPGEF2 DOCK2 ARHGEF6 RGS18 RABGAP1 ASAP1 MYO9B	0.3708705874748989
GO_POSITIVE_REGULATION_OF_TRANSFERASE_ACTIVITY	PRKACB MAP3K7 MAP3K5 MAP2K4 PRKCD F2R TOM1L1 ADAM17 CCNY MAPKAPK2 PRKCQ TNIK SHC1 AGAP2 STK4 RIPK1 MARK2 RGCC WNK1 CASS4 TAB3 LAT GSK3A ILK PPP1R9A AKAP13 MAP4K2 DBNL KSR1 SYK ALS2 RAPGEF2 LCP2 SRC CXCR4 PAK2 SPAG9 MAPK14 TAOK1	0.3837081563664812
GO_POSITIVE_REGULATION_OF_PHOSPHORUS_METABOLIC_PROCESS	APP ARAF PRKACB MAP3K7 MAP3K5 MAP2K4 PRKCD F2R TOM1L1 ADAM17 CCNY MAPKAPK2 TNIK IL6ST SHC1 AGAP2 STK4 TNFRSF14 RIPK1 MARK2 DAB2 MAVS RGCC WNK1 CASS4 TAB3 LAT EIF4G1 GSK3A ILK PPP1R9A AKAP13 TMSB4X MAP4K2 FGA DBNL KSR1 SYK ALS2 RAPGEF2 LCP2 ARHGEF2 SRC ROCK2 CXCR4 PAK2 SPAG9 MAPK14 TAOK1	0.38524929551622683
GO_CATION_TRANSPORT	APP CD84 MYLK UBASH3B FTH1 PRKCB F2R STIM1 PKP2 ABCB6 EPB41 ITPR1 SLC9A1 SLC9A3R1 MYO5A WNK1 SLC25A2 TMSB4X DNM1L FCER1G SYK OXSR1 DNM2 ADORA2A RASA3 SHANK3 CAMK2D VPS4B HTT CXCR4 FLNA CAMK2G CNNM4 CCS	0.38769781478493165
GO_SMALL_GTPASE_MEDIATED_SIGNAL_TRANSDUCTION	F11R DOCK11 OPHN1 STMN1 F2R CD2AP SHC1 RASGRP2 ARHGAP15 KALRN ARHGAP21 G3BP1 RAP1GAP2 DENND4A DENND4C ARHGAP25 RGL2 LAT DOCK5 ARHGAP6 ARHGAP4 AKAP13 ARHGEF10 DBNL KSR1 ARAP1 DNM2 ITPKB RASA3 ALS2 RAPGEF2 ARHGEF2 DOCK2 ARF6 ARHGEF6 SRC ROCK2 ARFGEF2 MYO9B MAPK14	0.39548877834589674
GO_CELL_CELL_SIGNALING	APP OPHN1 PPFIA1 MAP3K7 SH3GL1 PRKCB F2R SCRIB SYTL4 DAAM1 CCNY FRMD8 MAP1B MAP1A PKP2 TNIK MACF1 ITPR1 STK4 KALRN SLC9A3R1 G3BP1 EIF4EBP2 MBP MARK2 MYO5A NFATC1 DAB2 MAVS RGCC SYNJ1 WNK1 CDK16 GSK3A TGFB1I1 GRIK3 ILK PPP1R9A ENSA DNM1L GIT1 FGA FCER1G SYK ADORA2A ALS2 RAPGEF2 LCP2 SHANK3 DBN1 SRC FLNA CAMK2G MAPK14 ZYX	0.4013171473124825
GO_POSITIVE_REGULATION_OF_CELL_MORPHOGENESIS_INVOLVED_IN_DIFFERENTIATION	MACF1 DOCK5 ILK KALRN FLNA DNM1L FGA DBNL UNC13D DNM2 MAP1B CASS4 DBN1	0.4144222797027055
GO_REGULATION_OF_ANATOMICAL_STRUCTURE_SIZE	PRKCD F2R MAP1B MACF1 TWF1 RTN4 SLC9A3R1 TBXA2R SPTBN1 VASP RAP1GAP2 MSN DOCK5 ILK PPP1R9A ARHGAP4 CAPZB TMSB4X NCK1 FGA DBNL SPTB DNM2 ADORA2A CTTN ALS2 SHANK3 DBN1 ARF6 ROCK2 ADD3 LIMA1 SVIL	0.4150426407982125
GO_CORTICAL_ACTIN_CYTOSKELETON_ORGANIZATION	EPB41 ROCK2 FHOD1 EPB41L3 TLN1 ARF6	0.4267441538929128
GO_ADENYLATE_CYCLASE_ACTIVATING_G_PROTEIN_COUPLED_RECEPTOR_SIGNALING_PATHWAY	SLC9A3R1 AKAP13 GSK3A ADORA2A TBXA2R RAPGEF2	0.4246210486496645
GO_CELL_CELL_CONTACT_ZONE	FHOD1 PKP2 SCRIB VCL SLC9A1 TJP2	0.42251896425040875
GO_POSITIVE_REGULATION_OF_LYMPHOCYTE_MIGRATION	SPN APP ADAM17 WNK1 TNFRSF14 OXSR1	0.42043759004227865
GO_SUBSTRATE_DEPENDENT_CELL_MIGRATION	OPHN1 CTTN STK4 ANKS1A NCK1 CD2AP	0.418376621
GO_REGULATION_OF_DENDRITIC_SPINE_MORPHOGENESIS	DBNL PPP1R9A DNM1L SHANK3 KALRN DBN1	0.41633575989552474
GO_OSTEOCLAST_DIFFERENTIATION	FCER1G UBASH3B SH3PXD2A SRC TFE3 MAPK14	0.4143147125173911
GO_INTERLEUKIN_8_PRODUCTION	MAVS SYK TMSB4X SERPINE1 F2R RIPK1	0.4123131921670655
GO_CALCIUM_MEDIATED_SIGNALING	CAMK2D ITPR1 HTT CXCR4 PPP1R9A SLC9A1 SAMD14 SYK MYO5A NFATC2 NFATC1 LAT	0.41601967504433573
GO_COAGULATION	SERPINE1 F13A1 HSPB1 ILK F11R PEAR1 DOCK11 UBASH3B CAPZB PRKACB CLIC1 FGA FCER1G SYK PRKCB PRKCD F2R ADORA2A MYH9 PRKCQ LCP2 TLN1 VCL SRC ITPR1 TBXA2R FLNA TREML1 FERMT3	0.41624605219156524
GO_NEGATIVE_REGULATION_OF_DEVELOPMENTAL_PROCESS	APP GSK3A TGFB1I1 SERPINE1 ARHGAP4 EIF4ENIF1 UBASH3B DNM1L PRKACB ITPKB CLDN5 PKP2 RAPGEF2 ARHGEF2 ARF6 ROCK2 ASAP1 STK4 RTN4 SAV1 TBXA2R RIPK1 CLASP1 RAP1GAP2 ANKRD26 HUWE1 NFATC2 NFATC1 RGCC	0.41426392813351015
GO_CELLULAR_COMPONENT_DISASSEMBLY	GSK3A CAPZB STMN1 DNM1L SH3GL1 PRKCB SPTB CKAP5 CTTN KIF2A MAP1B MAP1A ARHGEF2 ARF6 TSG101 TEX264 VPS4B HTT TWF1 ADD3 LIMA1 SPTBN1 MARK2 CLASP1 SVIL NCKAP5L HUWE1 SYNJ1 TAOK1	0.41230059198121866
GO_POSITIVE_REGULATION_OF_NEURON_PROJECTION_DEVELOPMENT	MACF1 TWF1 CXCR4 ILK PPP1R9A KALRN DNM1L SCARF1 MARK2 NCK1 DBNL MAP1B RAPGEF2 SHANK3 DBN1	0.4381802991418893
GO_CALMODULIN_BINDING	CAMK2D EPB41 ADD3 MYLK SLC9A1 CALD1 MBP CAMK2G SPTBN1 MYO5A MYO9B PHKB ITPKB MAPKAPK2 MYH9	0.4361231146388757
GO_REGULATION_OF_WOUND_HEALING	SERPINE1 CXCR4 F11R MYLK UBASH3B TBXA2R CLASP1 FGA FCER1G SYK F2R PRKCD SYTL4 MYH9 PRKCQ	0.4340851561592548
GO_MICROTUBULE_BINDING	MACF1 KIF13B GAS2L1 DNM1L CLASP1 NDE1 CKAP5 DNM2 CLIP2 KIF2A STIM1 MAP1B MAP1A TUBGCP3 ARHGEF2	0.4320661554329327
GO_CELL_CHEMOTAXIS	SERPINE1 CXCR4 HSPB1 TMSB4X DNM1L MPP1 FCER1G SYK PRKCD OXSR1 MAPK14 ADAM17 BIN2 WNK1 PRKCQ	0.43006584915778023
GO_POSITIVE_REGULATION_OF_DENDRITE_DEVELOPMENT	DBNL ILK PPP1R9A KALRN DNM1L SHANK3 DBN1	0.4302775772046033
GO_GOLGI_TO_PLASMA_MEMBRANE_TRANSPORT	MACF1 ARFGEF2 SEC16A DNM2 CNST RABEP1 SPTBN1	0.42830382685045376
GO_NEGATIVE_REGULATION_OF_CELL_PROJECTION_ORGANIZATION	RAP1GAP2 GSK3A PRKCD ASAP1 RTN4 ARHGAP4 DNM2 CAPZB RAPGEF2 ARF6	0.42912871002652975
GO_POSITIVE_REGULATION_OF_ION_TRANSMEMBRANE_TRANSPORT	F2R HTT SLC9A1 DNM2 SLC9A3R1 STIM1 WNK1 TMSB4X FLNA SHANK3	0.4271781249809546
GO_REGULATION_OF_PEPTIDE_TRANSPORT	CNST OPHN1 PRKCD F2R SCRIB GAPVD1 SYTL4 CD2AP FRMD8 TSG101 ITPR1 KALRN UBE2J1 STXBP5 SEC16A MAVS RGCC CDK16 GSK3A ENSA DNM1L GRIPAP1 FGA SYK DNAJC1 ADORA2A NUMB ARF6 SRC ABLIM3 FLNA HUWE1 MAPK14	0.4314603259945734
GO_TUBULIN_BINDING	STMN1 KIF13B DNM1L CKAP5 DNM2 CLIP2 KIF2A STIM1 MAP1B MAP1A ARHGEF2 ALDOA MACF1 RABGAP1 HTT GAS2L1 CLASP1 NDE1 TAOK1 TUBGCP3	0.4307748566307311
GO_NEGATIVE_REGULATION_OF_NEURON_DIFFERENTIATION	RAP1GAP2 APP GSK3A ASAP1 RTN4 ARHGAP4 EIF4ENIF1 RAPGEF2 ARF6	0.43110236385405765
GO_ACTIN_FILAMENT_BUNDLE	FHOD1 ILK SHROOM4 MYLK LIMA1 DAAM1 ABLIM3 ZYX MYH9	0.4291777997297092
GO_ACTIN_FILAMENT_BASED_MOVEMENT	CAMK2D WIPF1 MYO5A MYO9B FNBP1L SLC9A1 PKP2 MYH9 FLNA	0.4272703428420216
GO_T_CELL_MIGRATION	APP MSN OXSR1 F11R SPN ADAM17 WNK1 TNFRSF14	0.42623459421189513
GO_POSITIVE_REGULATION_OF_INTERLEUKIN_6_PRODUCTION	APP FCER1G SYK F2R MAVS MBP TBC1D23 ARHGEF2	0.42435690877483834
GO_SENSORY_PERCEPTION	F2R MYO5A CXCR4 SLC9A1 SLC9A3R1 ADORA2A MBP CNNM4	0.422495694
GO_PROTEIN_POLYMERIZATION	PPP1R9A ARHGAP6 CAPZB TMSB4X STMN1 DNM1L NCK1 FGA DBNL PRKCD SPTB CKAP5 DNM2 CTTN MAP1B DBN1 ARF6 TWF1 SLAIN2 ADD3 SPTBN1 CLASP1 VASP SVIL NDE1 TUBGCP3	0.4219203566812446
GO_REGULATION_OF_SYSTEM_PROCESS	APP DOCK5 GSK3A SH3GL1 FGA F2R STIM1 ADORA2A CTTN PKP2 IL6ST SHANK3 CAMK2D SRC ROCK2 EPB41 ITPR1 SLC9A1 SLC9A3R1 TBXA2R FLNA CAMK2G	0.4227166330263777
GO_DEVELOPMENTAL_GROWTH	APP GSK3A ILK ARHGAP4 AKAP13 MAP2K4 DBNL DNM2 CTTN MAP1B SHANK3 DBN1 VCL MACF1 CXCR4 STK4 RTN4 MTM1 SAV1 RIPK1 PTPN12 MAPK14	0.4208866908920644
GO_PLASMA_MEMBRANE_TUBULATION	BIN2 ASAP1 FNBP1L DNM2	0.4229258405997023
GO_INTESTINAL_ABSORPTION	LIMA1 EPB41 F11R TJP2	0.42111070823661345
GO_STRIATED_MUSCLE_CELL_APOPTOTIC_PROCESS	CAMK2D ILK RGL2 MAP3K5	0.4193110898253459
GO_NEGATIVE_REGULATION_OF_DENDRITE_DEVELOPMENT	GSK3A RAPGEF2 ASAP1 ARF6	0.41752678731545073
GO_POTASSIUM_CHANNEL_REGULATOR_ACTIVITY	WNK1 ENSA FLNA ARPP19	0.41575760601326667
GO_COSTAMERE	SVIL ILK VCL PLEC	0.414003355
GO_REGULATION_OF_ACTION_POTENTIAL	CAMK2D PKP2 FLNA SLC9A1	0.41226384461819715
GO_POSITIVE_REGULATION_OF_SODIUM_ION_TRANSPORT	WNK1 PKP2 SLC9A1 DNM2	0.41053889129343485
GO_DIGESTIVE_SYSTEM_DEVELOPMENT	SRC SLC4A2 IL6ST SAV1	0.4088283125797122
GO_MYELOID_CELL_APOPTOTIC_PROCESS	ITPKB ADAM17 FCER1G ARF6	0.40713192953996236
GO_REGULATION_OF_SYNAPTIC_TRANSMISSION_GLUTAMATERGIC	OPHN1 ADORA2A GRIK3 SHANK3	0.4054495661947559
GO_POSITIVE_REGULATION_OF_CELLULAR_COMPONENT_MOVEMENT	APP DOCK5 SERPINE1 HSPB1 ILK MYLK SPN TMSB4X STMN1 DNM1L F2R OXSR1 ADAM17 NUMB RAPGEF2 ARHGEF2 ARF6 SRC ROCK2 CXCR4 STK4 RTN4 FLNA TNFRSF14 CLASP1 SPAG9 MAPK14 DAB2 WNK1 CASS4 FERMT3	0.40556178771339585
GO_RAS_PROTEIN_SIGNAL_TRANSDUCTION	F11R ARHGAP6 ARHGAP4 AKAP13 OPHN1 STMN1 ARHGEF10 DBNL KSR1 F2R DNM2 ITPKB RASA3 ALS2 RAPGEF2 ARHGEF2 ARF6 SHC1 ROCK2 RASGRP2 KALRN G3BP1 ARFGEF2 DENND4A DENND4C MYO9B MAPK14 RGL2 LAT	0.4156003551079057
GO_PLASMA_MEMBRANE_REGION	APP SLC4A2 MYLK F2R SCRIB CLDN5 ADAM17 STIM1 TNIK TLN1 MACF1 EPB41 TWF1 RASGRP2 SLC9A1 SLC9A3R1 EPB41L3 STXBP5 SPTBN1 VASP MSN DAB2 SYNJ1 GRIK3 DNM1L MAP4K2 DBNL KSR1 SHROOM4 DNM2 ADORA2A CTTN CANX NUMB RAPGEF2 MYH9 LCP2 ARHGEF2 SHANK3 DBN1 ARF6 SRC ASAP1 ADD3 LIMA1 CNNM4 SVIL NDE1	0.41899952279481717
GO_POSITIVE_REGULATION_OF_PROTEIN_MODIFICATION_PROCESS	APP ARAF PRKACB MAP3K7 MAP3K5 MAP2K4 PRKCD F2R TOM1L1 ADAM17 CCNY MAPKAPK2 TNIK IL6ST SHC1 AGAP2 STK4 TNFRSF14 RIPK1 MARK2 DAB2 MAVS RGCC WNK1 CASS4 TAB3 LAT EIF4G1 GSK3A ILK PPP1R9A AKAP13 MAP4K2 FGA DBNL KSR1 SYK ALS2 RAPGEF2 LCP2 ARHGEF2 SRC ROCK2 CXCR4 PAK2 SPAG9 HUWE1 MAPK14 TAOK1	0.4287063824236353
GO_CELL_SUBSTRATE_JUNCTION_ORGANIZATION	MACF1 SRC ROCK2 TESK2 ARHGAP6 SLC9A1 SLK CLASP1 CTTN TLN1 VCL ARF6 PLEC	0.43191110601086846
GO_DENDRITIC_TREE	APP GSK3A GRIK3 ILK PPP1R9A SAMD14 OPHN1 PPFIA1 MAP2K4 GRIPAP1 DBNL DNM2 ADORA2A CTTN ALS2 MAP1B MAP1A CANX ARHGEF2 IL6ST SHANK3 DBN1 HTT ASAP1 SAV1 FLNA MARK3 CNNM4 MARK2 ARFGEF2	0.4340425324354927
GO_MICROTUBULE_ORGANIZING_CENTER	FRY PRKACB DYNC1LI1 DAAM1 MAPKAPK2 PRKCQ TSG101 SLAIN2 RAP1GAP2 ANKRD26 SMTN RGCC TUBGCP3 BICD1 CEP170 ARHGEF10 EXOC7 CKAP5 DNM2 KIF2A ALS2 RABGAP1 ROCK2 VPS4B HTT EHBP1 CLASP1 SPAG9 MPP1 ARFGEF2 NDE1 NCKAP5L TACC1	0.4400877259861325
GO_METAL_ION_TRANSPORT	CD84 MYLK UBASH3B FTH1 DNM1L PRKCB F2R OXSR1 DNM2 ADORA2A STIM1 RASA3 PKP2 CAMK2D ABCB6 EPB41 VPS4B ITPR1 HTT CXCR4 SLC9A1 SLC9A3R1 FLNA CAMK2G CNNM4 MYO5A CCS WNK1	0.44307260600772425
GO_GTPASE_REGULATOR_ACTIVITY	DOCK5 ARHGAP6 ARHGAP4 OPHN1 DNM1L GIT1 ARAP1 GAPVD1 TBC1D1 ACAP2 RABEP1 RASA3 ALS2 RAPGEF2 DOCK2 ARHGEF6 RGS18 RABGAP1 AGAP2 ASAP1 ARHGAP15 ARHGAP21 STXBP5 RAP1GAP2 MYO9B ARHGAP25	0.4516197478434034
GO_REGULATION_OF_DENDRITE_DEVELOPMENT	GSK3A ILK ASAP1 PPP1R9A KALRN DNM1L DBNL RAPGEF2 TNIK SHANK3 DBN1 ARF6	0.45156656216518204
GO_PROTEIN_CONTAINING_COMPLEX_BINDING	FHOD1 F11R SAMD14 MPRIP CD2AP ADAM17 MAP1B PKP2 CD226 TLN1 MACF1 TSG101 SHC1 EPB41 TWF1 MTM1 SLC9A3R1 RIPK1 GAS2L1 SPTBN1 MYO5A DHX29 FERMT3 ILK PPP1R9A BICD1 CAPZB DNM1L SCARF1 GIT1 FCER1G DBNL SYK SPTB CKAP5 SHROOM4 DNM2 ADORA2A CTTN BMP2K MYH9 DOCK2 DBN1 SRC VPS4B NEXN ADD3 LIMA1 ABLIM3 FLNA SVIL ZNF185 CDC42BPB	0.4582515300984747
GO_REGULATION_OF_MAP_KINASE_ACTIVITY	ILK AKAP13 MAP3K7 MAP3K5 MAP4K2 MAP2K4 DBNL SYK KSR1 PRKCD F2R MAPKAPK2 TNIK TSG101 SHC1 SRC CXCR4 RIPK1 SPAG9 MAPK14 TAOK1 TAB3	0.4568335887057685
GO_ESTABLISHMENT_OF_CELL_POLARITY	ROCK2 HTT SLC9A3R1 OPHN1 MARK2 CLASP1 NDE1 MSN SCRIB FRMD4B MAP1B MYH9 ARHGEF2 DOCK2 ARF6	0.4584443686767354
GO_REGULATION_OF_CELL_ADHESION	SERPINE1 F11R SLK UBASH3B PRKCD SCRIB UNC13D PRKCQ IL6ST VCL MACF1 STK4 SLC9A1 MBP TNFRSF14 RGCC WNK1 CASS4 FERMT3 DOCK5 ILK ARHGAP6 SPN NCK1 FGA SYK TFE3 PAWR DNM2 ITPKB ADORA2A SRC ROCK2 CXCR4 FLNA PAK2 CLASP1 MAPK14	0.4656226646294941
GO_POSTSYNAPSE	APP SAMD14 OPHN1 SH3GL1 F2R SCRIB MAP1B TNIK EPB41 ITPR1 RTN4 EPB41L3 EIF4EBP2 SPTBN1 MYO5A GSK3A GRIK3 PPP1R9A GRIPAP1 DBNL DNM2 ADORA2A CTTN ALS2 CANX ARHGEF2 SHANK3 DBN1 SRC HTT ASAP1 ADD3 FLNA PAK2 ARFGEF2	0.46710656335089135
GO_POSITIVE_REGULATION_OF_JNK_CASCADE	APP RIPK1 MAP3K7 MAP3K5 SPAG9 MAP2K4 MAP4K2 DBNL SYK TAOK1 TNIK	0.46838924846822466
GO_REGULATION_OF_BLOOD_CIRCULATION	DOCK5 GSK3A CAMK2D ITPR1 SLC9A1 TBXA2R FLNA FGA F2R STIM1 PKP2	0.4665807957714362
GO_NUCLEOSIDE_TRIPHOSPHATASE_REGULATOR_ACTIVITY	DOCK5 ARHGAP6 ARHGAP4 OPHN1 DNM1L GIT1 ARAP1 GAPVD1 TBC1D1 ACAP2 DNAJC1 RABEP1 RASA3 ALS2 RAPGEF2 DOCK2 ARHGEF6 RGS18 RABGAP1 AGAP2 ASAP1 ARHGAP15 ARHGAP21 STXBP5 RAP1GAP2 MYO9B ARHGAP25	0.4653735627913141
GO_ENZYME_LINKED_RECEPTOR_PROTEIN_SIGNALING_PATHWAY	APP NUCKS1 F11R UBASH3B STMN1 ANKS1A MAP3K7 PRKCB PRKCD CLDN5 ADAM17 MAPKAPK2 PRKCQ IL6ST TSG101 SHC1 KALRN RTN4 SLC9A3R1 EIF4EBP2 SPTBN1 DAB2 CASS4 UBE2O GSK3A TGFB1I1 ILK HSPB1 GIT1 NCK1 SYK ARAP1 MTSS1 DNM2 RAPGEF2 LCP2 SRC ROCK2 PAK2 PTPN18 PTPN12 MAPK14 ZYX	0.4789214260340537
GO_CYTOSKELETAL_ANCHOR_ACTIVITY	EPB41L3 MAP1A GAS2L1 BICD1 NCK1	0.47819423710006653
GO_POSITIVE_REGULATION_OF_CHEMOKINE_PRODUCTION	APP ADAM17 MAVS SYK MBP	0.47637600806166325
GO_REGULATION_OF_PLATELET_AGGREGATION	SYK UBASH3B PRKCD PRKCQ F11R	0.4745715534856721
GO_COLUMNAR_CUBOIDAL_EPITHELIAL_CELL_DEVELOPMENT	SLC9A3R1 GSK3A SRC SCRIB IL6ST	0.4727807174347828
GO_SYNAPTIC_TRANSMISSION_GLUTAMATERGIC	OPHN1 ADORA2A ALS2 GRIK3 SHANK3	0.4710033463166069
GO_REGULATION_OF_VASCULAR_PERMEABILITY	CLDN5 ADORA2A SRC PDE3A TJP2	0.4692392888397657
GO_POSTSYNAPTIC_SPECIALIZATION_INTRACELLULAR_COMPONENT	SRC TNIK ARHGEF2 DNM2 SH3GL1	0.4674883959709606
GO_ODONTOGENESIS	STIM1 SRC SERPINE1 MYO5A CNNM4	0.4657505208930016
GO_CYTOKINE_PRODUCTION_INVOLVED_IN_IMMUNE_RESPONSE	MAVS FCER1G CD226 TNFRSF14 MAP3K7	0.46402551896376826
GO_CELL_SUBSTRATE_ADHESION	DOCK5 SERPINE1 TESK2 ILK ARHGAP6 SLK PPFIA1 FGA UNC13D DNM2 CTTN VCL MACF1 SRC ROCK2 STK4 SLC9A1 FLNA CLASP1 PARVB ZYX CASS4 FERMT3	0.4642447093634791
GO_POSITIVE_REGULATION_OF_TRANSCRIPTION_BY_RNA_POLYMERASE_II	APP CRTC2 GSK3A FHOD1 SERPINE1 NUCKS1 NCK1 TFE3 ARHGEF2 SLC9A1 ABLIM3 PCBP1 RIPK1 NFATC2 NFATC1 MAPK14 DAB2 MAVS RGCC HNRNPK LPIN2	0.4655808792591505
GO_PROTEIN_MACROMOLECULE_ADAPTOR_ACTIVITY	STON2 BICD1 AKAP13 NCK1 KSR1 MAP1A MYH9 SEC22B SHANK3 SHC1 SAV1 SLC9A1 SLC9A3R1 EPB41L3 GAS2L1 SPAG9 DAB2 MAVS LAT TJP2 BET1	0.4638754547929998
GO_CYTOSKELETON_DEPENDENT_INTRACELLULAR_TRANSPORT	APP HTT HSPB1 FNBP1L BICD1 ARHGAP21 NDE1 MYO5A MAP1B MAP1A	0.46553254784590326
GO_SIGNALING_RECEPTOR_BINDING	APP SERPINE1 F11R OPHN1 ANKS1A MAP3K7 SH3GL1 PRKCB F2R SYTL4 CD2AP ADAM17 CD226 IL6ST TLN1 SHC1 ARPP19 SAV1 SLC9A3R1 RIPK1 GAS2L1 MSN FERMT3 GSK3A TGFB1I1 ILK BICD1 ENSA NCK1 FGA SYK ARAP1 MTSS1 DNM2 RABEP1 ADORA2A PITPNM2 CANX RAPGEF2 MYH9 DOCK2 SHANK3 SRC FLNA ARFGEF2 MYO9B SNX17 TACC1	0.46497886853996717
GO_ESTABLISHMENT_OF_ORGANELLE_LOCALIZATION	CD84 FHOD1 FNBP1L BICD1 PPP6R3 MAP4K2 FCER1G SYK SCRIB UNC13D DNM2 MAP1B MYH9 ARHGEF2 TBC1D23 SEC22B VPS4B HTT SLC9A3R1 ARHGAP21 CLASP1 ANKRD28 NDE1 SEC16A MYO5A SYNJ1 LAT BET1	0.465263332
GO_POSITIVE_REGULATION_OF_CELLULAR_COMPONENT_ORGANIZATION	APP FHOD1 SERPINE1 FNBP1L DOCK11 SH3GL1 PRKCD CLDN5 MAP1B PRKCQ MACF1 TSG101 TWF1 SLAIN2 KALRN G3BP1 MARK2 VASP MSN NFATC2 DAB2 RGCC HNRNPK SYNJ1 EIF4G1 GSK3A ILK PPP1R9A BICD1 DNM1L SCARF1 NCK1 ARHGEF10 DBNL SYK ARAP1 CKAP5 DNM2 CTTN RAPGEF2 SHANK3 DBN1 ARF6 SRC ROCK2 VPS4B HTT CXCR4 ASAP1 ABLIM3 FLNA CLASP1 HUWE1 MAPK14	0.4729267610184086
GO_REGULATION_OF_ION_TRANSPORT	APP CD84 MYLK UBASH3B TMSB4X CLIC1 SYK PRKCD F2R OXSR1 DNM2 STIM1 ADORA2A PKP2 SHANK3 CAMK2D EPB41 HTT CXCR4 SLC9A1 SLC9A3R1 FLNA RIPK1 CAMK2G MYO5A WNK1	0.4754623950261404
GO_NEURON_PROJECTION_ORGANIZATION	APP DBNL PPP1R9A KALRN CTTN MAP1A DNM1L SHANK3 DBN1	0.4784586904211555
GO_CYCLIC_NUCLEOTIDE_MEDIATED_SIGNALING	GSK3A KSR1 AKAP13 SLC9A3R1 ADORA2A TBXA2R PDE3A RAPGEF2 EIF4EBP2	0.47674990938393713
GO_REGULATION_OF_SIGNALING_RECEPTOR_ACTIVITY	APP TSG101 SHC1 SRC SERPINE1 PRKCD BICD1 ADAM17 SHANK3	0.47505329048933237
GO_REGULATION_OF_MICROTUBULE_POLYMERIZATION_OR_DEPOLYMERIZATION	SLAIN2 CKAP5 MAP1B TAOK1 STMN1 MAP1A ARHGEF2 GAS2L1 CLASP1	0.47336870435284534
GO_POSITIVE_REGULATION_OF_CHEMOTAXIS	SERPINE1 HSPB1 CXCR4 OXSR1 MAPK14 ADAM17 WNK1 TMSB4X DNM1L	0.47169602341873634
GO_VESICLE_MEDIATED_TRANSPORT_IN_SYNAPSE	STON2 KIAA1109 OPHN1 STXBP5 DNM1L GIT1 SH3GL1 GRIPAP1 PRKCB SCRIB DNM2 SYNJ1 ADORA2A CANX NUMB ARF6	0.47024980566673324
GO_POSITIVE_REGULATION_OF_MAPK_CASCADE	APP ILK AKAP13 MAP3K7 MAP3K5 MAP2K4 MAP4K2 FGA DBNL KSR1 SYK F2R MAPKAPK2 RAPGEF2 TNIK SHC1 SRC ROCK2 CXCR4 RIPK1 SPAG9 MAPK14 TAOK1 TAB3	0.47463525469732415
GO_SIGNAL_RELEASE	PPP1R9A ENSA PPFIA1 DNM1L GIT1 FGA FCER1G SYK PRKCB F2R SCRIB SYTL4 ADORA2A FRMD8 LCP2 SRC ITPR1 KALRN CAMK2G MYO5A MAVS RGCC SYNJ1 CDK16	0.47297569086971114
GO_LEADING_EDGE_MEMBRANE	MACF1 SRC TWF1 RASGRP2 EPB41L3 SPTBN1 VASP KSR1 DNM2 ADAM17 ADORA2A ARHGEF2 TLN1	0.47448087429478264
GO_TRANSMEMBRANE_RECEPTOR_PROTEIN_SERINE_THREONINE_KINASE_SIGNALING_PATHWAY	SRC TGFB1I1 ILK F11R MAP3K7 SPTBN1 MAPK14 DNM2 CLDN5 ADAM17 DAB2 ZYX UBE2O	0.47283337125903685
GO_REGULATION_OF_CALCIUM_ION_TRANSPORT	CD84 CAMK2D EPB41 HTT CXCR4 MYLK SLC9A1 UBASH3B CAMK2G F2R MYO5A STIM1 ADORA2A	0.47119726962838276
GO_TUMOR_NECROSIS_FACTOR_BIOSYNTHETIC_PROCESS	APP SYK HSPB1 UBE2J1 SPN MAPKAPK2	0.47149977350193084
GO_MUSCLE_CELL_APOPTOTIC_PROCESS	MAP2K4 CAMK2D ILK STK4 RGL2 MAP3K5	0.46987949936618534
GO_POSITIVE_REGULATION_OF_DENDRITIC_SPINE_DEVELOPMENT	DBNL PPP1R9A KALRN DNM1L SHANK3 DBN1	0.46827032299849297
GO_NEGATIVE_REGULATION_OF_DEVELOPMENTAL_GROWTH	GSK3A STK4 RTN4 SAV1 ARHGAP4 RIPK1	0.46667213076982916
GO_DIVALENT_INORGANIC_CATION_TRANSPORT	CD84 MYLK UBASH3B DNM1L PRKCB F2R STIM1 ADORA2A RASA3 CAMK2D EPB41 ITPR1 HTT CXCR4 SLC9A1 CAMK2G CNNM4 MYO5A	0.466617107
GO_PEPTIDE_SECRETION	ENSA DNM1L FGA SYK F2R SYTL4 CD2AP DNAJC1 ADORA2A FRMD8 CANX LCP2 ARF6 SRC ITPR1 KALRN STXBP5 CAMK2G MYO5A MAVS RGCC CDK16	0.4658071583898779
GO_CARDIAC_MUSCLE_TISSUE_DEVELOPMENT	MAP2K4 GSK3A MAPK14 SAV1 SLC9A1 AKAP13 PKP2 RIPK1	0.46599344844588353
GO_ION_CHANNEL_REGULATOR_ACTIVITY	CAMK2D PRKCB ITPR1 ARPP19 STIM1 WNK1 ENSA FLNA	0.46442444693596474
GO_SPINDLE_POLE	VPS4B NDE1 FRY MAPK14 CKAP5 DYNC1LI1 KIF2A TUBGCP3	0.4628659756375219
GO_ENDOTHELIUM_DEVELOPMENT	ROCK2 MSN CXCR4 F11R CLDN5 RAPGEF2 VCL TJP2	0.46131792889625933
GO_REGULATION_OF_DENDRITIC_SPINE_DEVELOPMENT	DBNL ASAP1 PPP1R9A KALRN DNM1L SHANK3 DBN1 ARF6	0.4597802024666051
GO_CELL_DIVISION_SITE	SVIL NDE1 MYLK LIMA1 MYH9 TUBGCP3 ARF6	0.4641230872385637
GO_BRUSH_BORDER	ADD3 SLC9A3R1 LIMA1 MYH9 DNM1L CLIC1 PLEC	0.4625862558238665
GO_NEURAL_PRECURSOR_CELL_PROLIFERATION	NDE1 ILK NAP1L1 NUMB FLNA ARHGEF2 DBN1	0.4610595685109164
GO_SYNAPSE_ASSEMBLY	APP DBNL PPP1R9A MAP1B SHANK3 EIF4G1 ARF6	0.4595429251934463
GO_ESTABLISHMENT_OF_ENDOTHELIAL_BARRIER	ROCK2 MSN F11R CLDN5 RAPGEF2 VCL TJP2	0.45803622707805797
GO_REGULATION_OF_PROTEIN_MODIFICATION_PROCESS	APP ARAF UBASH3B PRKACB PRKCD CCNY AGAP2 TWF1 ARPP19 WNK1 AKAP13 ENSA MAP4K2 DBNL SYK ITPKB RAPGEF2 ARHGEF2 HTT CXCR4 PAK2 HUWE1 TAOK1 FRY MAP3K7 MAP3K5 MAP2K4 F2R TOM1L1 ADAM17 MAPKAPK2 TNIK IL6ST TSG101 SHC1 STK4 SLC9A3R1 TNFRSF14 RIPK1 MARK2 DAB2 MAVS RGCC CASS4 TAB3 LAT EIF4G1 GSK3A ILK HSPB1 PPP1R9A PPP6R3 DNM1L NCK1 FGA KSR1 ADORA2A ALS2 LCP2 CAMK2D SRC ROCK2 SPAG9 PPP1R14A MAPK14 OXR1	0.4646318796263906
GO_REGULATION_OF_VESICLE_MEDIATED_TRANSPORT	CD84 SERPINE1 CNST OPHN1 SH3GL1 PRKCB SCRIB SYTL4 UNC13D CD2AP TSG101 STXBP5 MSN DAB2 HNRNPK STON2 BICD1 DNM1L GIT1 GRIPAP1 FGA FCER1G SYK DNM2 ADORA2A BMP2K NUMB DOCK2 ARF6 SRC VPS4B CLASP1 SNX17	0.46523136511703383
GO_POSITIVE_REGULATION_OF_TRANSPORT	SERPINE1 MYLK CNST SH3GL1 PRKCD F2R SYTL4 UNC13D CD2AP STIM1 FRMD8 PKP2 TSG101 ARPP19 SLC9A1 SLC9A3R1 STXBP5 SEC16A MSN DAB2 MAVS RGCC HNRNPK WNK1 GSK3A BICD1 TMSB4X DNM1L FGA FCER1G SYK DNM2 ADORA2A DOCK2 SHANK3 ARF6 SRC VPS4B HTT ABLIM3 FLNA CLASP1 HUWE1 MAPK14	0.4664863346359077
GO_CENTROSOME	BICD1 CEP170 PRKACB ARHGEF10 EXOC7 CKAP5 DNM2 DYNC1LI1 KIF2A ALS2 MAPKAPK2 PRKCQ RABGAP1 ROCK2 VPS4B SLAIN2 CLASP1 SPAG9 MPP1 RAP1GAP2 ANKRD26 NDE1 NCKAP5L RGCC TUBGCP3	0.46733725306961926
GO_REGULATION_OF_PROTEIN_CONTAINING_COMPLEX_DISASSEMBLY	TWF1 ADD3 LIMA1 CAPZB SPTBN1 CLASP1 SVIL SPTB MAP1B TAOK1 MAP1A ARHGEF2	0.4728773683859548
GO_ACTIN_CYTOSKELETON_REORGANIZATION	SHC1 F11R FLNA PARVB ARAP1 CDC42BPB CDC42BPA CD2AP CTTN CASS4 MYH9 TNIK	0.47135686237828295
